1,KELTNER_BREAKOUT f21/s26 p1=1.8 p2=55.0 p3=1.0 off=5.0 exp=6,KELTNER_BREAKOUT,D1,LIMIT,LONG_ONLY,25.0,25.0,289,61.5916955017301,1.0301125430705393,107.16439000000082,0.3708110380622866,6.951738610891835,0.23311598231525876,TIDAK,,N/A — belum pre-portfolio,POSITIF — BELUM LOLOS v11 (sample gagal)
2,CANDLE_ENGULFING f20/s144 p1=66.0 p2=66.0 p3=1.0 off=0.75 exp=8,CANDLE_ENGULFING,D1,LIMIT,BOTH,13.5,21.5,237,50.63291139240506,1.005549295413322,11.771694999999966,0.049669599156117995,3.6741678300805303,0.040695362027132656,TIDAK,,N/A — belum pre-portfolio,POSITIF — BELUM LOLOS v11 (sample gagal)
3,CANDLE_ENGULFING f13/s144 p1=52.0 p2=66.0 p3=1.0 off=2.0 exp=8,CANDLE_ENGULFING,D1,LIMIT,BOTH,13.5,25.0,221,46.60633484162896,1.0144476248137042,31.085690000000056,0.14065923076923104,3.6652239194402614,0.10232778236221088,TIDAK,,N/A — belum pre-portfolio,POSITIF — BELUM LOLOS v11 (sample gagal)
4,CANDLE_ENGULFING f50/s89 p1=52.0 p2=52.0 p3=1.0 off=0.5 exp=4,CANDLE_ENGULFING,D1,LIMIT,BOTH,22.0,25.0,207,57.971014492753625,1.0465443678526596,109.52766000000014,0.5291191304347833,4.970061992512282,0.3209772841920417,TIDAK,,N/A — belum pre-portfolio,POSITIF — BELUM LOLOS v11 (sample gagal)
5,DONCHIAN f26/s89 p1=66.0 p2=58.0 p3=1.0 off=1.5 exp=8,DONCHIAN,D1,LIMIT,BOTH,20.0,22.5,206,58.25242718446602,1.0104365121803776,23.323340000000854,0.11322009708738279,3.451262419990449,0.06799152280259645,TIDAK,,N/A — belum pre-portfolio,POSITIF — BELUM LOLOS v11 (sample gagal)
6,CANDLE_ENGULFING f50/s100 p1=55.0 p2=66.0 p3=1.0 off=3.0 exp=4,CANDLE_ENGULFING,D1,LIMIT,BOTH,19.0,24.0,205,56.58536585365854,1.0517274260376475,110.22751000000022,0.5376951707317084,3.9564912140730444,0.3553507639258703,TIDAK,,N/A — belum pre-portfolio,POSITIF — BELUM LOLOS v11 (sample gagal)
7,CANDLE_ENGULFING f10/s144 p1=66.0 p2=55.0 p3=1.0 off=3.5 exp=7,CANDLE_ENGULFING,D1,LIMIT,BOTH,20.0,24.0,202,55.94059405940594,1.015535632679397,34.583280000000045,0.17120435643564377,4.087979474087708,0.10510661303439074,TIDAK,,N/A — belum pre-portfolio,POSITIF — BELUM LOLOS v11 (sample gagal)
8,PRICE_STRUCTURE f20/s89 p1=52.0 p2=66.0 p3=1.0 off=4.0 exp=5,PRICE_STRUCTURE,D1,LIMIT,BOTH,17.5,17.5,198,63.13131313131313,1.057484850811664,99.51028000000073,0.5025771717171754,3.0029705864019487,0.3362467815062306,TIDAK,,N/A — belum pre-portfolio,POSITIF — BELUM LOLOS v11 (sample gagal)
9,DONCHIAN f10/s89 p1=66.0 p2=55.0 p3=1.0 off=4.0 exp=6,DONCHIAN,D1,LIMIT,BOTH,16.0,18.0,195,60.51282051282051,1.0327328400176037,55.55607000000066,0.28490292307692644,2.807548407372052,0.19462030887363135,TIDAK,,N/A — belum pre-portfolio,POSITIF — BELUM LOLOS v11 (sample gagal)
10,CANDLE_ENGULFING f21/s89 p1=55.0 p2=55.0 p3=1.0 off=5.0 exp=7,CANDLE_ENGULFING,D1,LIMIT,BOTH,18.0,23.5,193,54.92227979274612,1.0338596916337432,67.6237100000001,0.3503819170984461,2.779689873852194,0.22118469070402727,TIDAK,,N/A — belum pre-portfolio,POSITIF — BELUM LOLOS v11 (sample gagal)
11,CANDLE_ENGULFING f5/s144 p1=55.0 p2=55.0 p3=1.0 off=4.25 exp=8,CANDLE_ENGULFING,D1,LIMIT,BOTH,22.0,25.0,193,56.476683937823836,1.0006714338582023,1.5265799999998535,0.007909740932641728,4.758690044862289,0.004478113403325203,TIDAK,,N/A — belum pre-portfolio,POSITIF — BELUM LOLOS v11 (sample gagal)
12,PRICE_STRUCTURE f13/s89 p1=66.0 p2=52.0 p3=1.0 off=2.75 exp=3,PRICE_STRUCTURE,D1,LIMIT,BOTH,17.0,25.0,191,52.87958115183246,1.0383994435108466,79.75537000000071,0.4175673821989566,3.6467307760805174,0.240897205988568,TIDAK,,N/A — belum pre-portfolio,POSITIF — BELUM LOLOS v11 (sample gagal)
13,DONCHIAN f20/s100 p1=52.0 p2=62.0 p3=1.0 off=5.0 exp=6,DONCHIAN,D1,LIMIT,BOTH,15.0,23.5,171,52.63157894736842,1.0609863339939523,104.27882000000054,0.6098176608187166,2.7204967256832266,0.34901509819271953,TIDAK,,N/A — belum pre-portfolio,POSITIF — BELUM LOLOS v11 (sample gagal)
14,PRICE_STRUCTURE f3/s100 p1=66.0 p2=52.0 p3=1.0 off=4.25 exp=7,PRICE_STRUCTURE,D1,LIMIT,BOTH,15.0,25.0,170,49.411764705882355,1.0052944566782627,9.599970000000553,0.056470411764709134,3.942800748768359,0.03133858668366654,TIDAK,,N/A — belum pre-portfolio,POSITIF — BELUM LOLOS v11 (sample gagal)
15,DONCHIAN f5/s100 p1=66.0 p2=66.0 p3=1.0 off=1.25 exp=2,DONCHIAN,D1,LIMIT,BOTH,23.0,24.0,169,60.35502958579882,1.0406157788333525,79.86851000000024,0.4725947337278121,4.183558523931544,0.23618101183118256,TIDAK,,N/A — belum pre-portfolio,POSITIF — BELUM LOLOS v11 (sample gagal)
16,DONCHIAN f13/s100 p1=52.0 p2=52.0 p3=1.0 off=4.5 exp=8,DONCHIAN,D1,LIMIT,BOTH,14.5,24.5,169,50.29585798816568,1.0437313024390056,75.56255000000067,0.44711568047337674,3.3281289025628604,0.25184238533326003,TIDAK,,N/A — belum pre-portfolio,POSITIF — BELUM LOLOS v11 (sample gagal)
17,PRICE_STRUCTURE f8/s100 p1=66.0 p2=66.0 p3=1.0 off=4.75 exp=7,PRICE_STRUCTURE,D1,LIMIT,BOTH,15.5,24.0,169,52.071005917159766,1.0407391940827706,71.10180500000058,0.42072073964497386,2.822435986253963,0.23496795642939747,TIDAK,,N/A — belum pre-portfolio,POSITIF — BELUM LOLOS v11 (sample gagal)
18,PRICE_STRUCTURE f3/s100 p1=55.0 p2=55.0 p3=1.0 off=5.0 exp=5,PRICE_STRUCTURE,D1,LIMIT,BOTH,22.0,24.5,168,58.333333333333336,1.0515820179198851,102.05729000000073,0.6074838690476234,3.1244459496145107,0.29745041111901105,TIDAK,,N/A — belum pre-portfolio,POSITIF — BELUM LOLOS v11 (sample gagal)
19,PRICE_STRUCTURE f34/s100 p1=66.0 p2=55.0 p3=1.0 off=4.75 exp=7,PRICE_STRUCTURE,D1,LIMIT,BOTH,16.5,24.0,168,52.976190476190474,1.0288671243731762,51.611355000000685,0.30721044642857553,3.2881868855150964,0.1674808655076548,TIDAK,,N/A — belum pre-portfolio,POSITIF — BELUM LOLOS v11 (sample gagal)
20,DONCHIAN f5/s100 p1=52.0 p2=66.0 p3=1.0 off=3.25 exp=5,DONCHIAN,D1,LIMIT,BOTH,18.0,22.5,167,55.68862275449102,1.0081234819829272,14.59300500000046,0.08738326347305665,4.009421238425615,0.047021127816507746,TIDAK,,N/A — belum pre-portfolio,POSITIF — BELUM LOLOS v11 (sample gagal)
21,PRICE_STRUCTURE f10/s89 p1=66.0 p2=66.0 p3=1.0 off=0.75 exp=8,PRICE_STRUCTURE,D1,LIMIT,LONG_ONLY,15.0,23.5,166,53.01204819277108,1.0526838400394047,87.59605000000045,0.5276870481927738,4.109604582075123,0.29757173877064735,TIDAK,,N/A — belum pre-portfolio,POSITIF — BELUM LOLOS v11 (sample gagal)
22,DONCHIAN f55/s100 p1=52.0 p2=55.0 p3=1.0 off=5.0 exp=7,DONCHIAN,D1,LIMIT,BOTH,11.0,24.0,165,46.06060606060606,1.0344101928539353,52.457050000000066,0.31792151515151557,3.2739787247552985,0.19122344158593793,TIDAK,,N/A — belum pre-portfolio,POSITIF — BELUM LOLOS v11 (sample gagal)
23,CANDLE_ENGULFING f13/s100 p1=52.0 p2=66.0 p3=1.0 off=1.25 exp=5,CANDLE_ENGULFING,D1,LIMIT,LONG_ONLY,16.0,25.0,158,50.63291139240506,1.0087613287748383,14.475060000000155,0.09161430379746933,4.823228824685715,0.054031976078747046,TIDAK,,N/A — belum pre-portfolio,POSITIF — BELUM LOLOS v11 (sample gagal)
24,CANDLE_ENGULFING f10/s100 p1=66.0 p2=52.0 p3=1.0 off=2.0 exp=7,CANDLE_ENGULFING,D1,LIMIT,LONG_ONLY,21.0,21.5,153,62.745098039215684,1.1009848313409325,150.41093000000023,0.9830779738562107,2.9091694847709983,0.5736369914250632,TIDAK,,N/A — belum pre-portfolio,POSITIF — BELUM LOLOS v11 (sample gagal)
25,PRICE_STRUCTURE f26/s100 p1=55.0 p2=66.0 p3=1.0 off=1.25 exp=6,PRICE_STRUCTURE,D1,LIMIT,LONG_ONLY,22.0,24.5,153,59.47712418300654,1.0526771978562206,94.0005200000007,0.6143824836601354,3.8117212451100952,0.2880393913925061,TIDAK,,N/A — belum pre-portfolio,POSITIF — BELUM LOLOS v11 (sample gagal)
26,DONCHIAN f10/s100 p1=66.0 p2=66.0 p3=1.0 off=1.75 exp=7,DONCHIAN,D1,LIMIT,LONG_ONLY,18.0,23.5,151,55.629139072847686,1.0094821769783358,15.555880000000741,0.10301907284768702,4.2157727399698,0.052262026197192994,TIDAK,,N/A — belum pre-portfolio,POSITIF — BELUM LOLOS v11 (sample gagal)
27,CANDLE_ENGULFING f34/s144 p1=66.0 p2=58.0 p3=1.0 off=2.75 exp=8,CANDLE_ENGULFING,D1,LIMIT,LONG_ONLY,23.5,23.5,148,65.54054054054055,1.2641504115793931,382.7357900000003,2.586052635135137,1.7762766369629541,1.3824758652323001,TIDAK,,N/A — belum pre-portfolio,POSITIF — BELUM LOLOS v11 (sample gagal)
28,PRICE_STRUCTURE f8/s89 p1=66.0 p2=52.0 p3=1.0 off=3.5 exp=5,PRICE_STRUCTURE,D1,LIMIT,LONG_ONLY,11.5,23.5,148,46.62162162162162,1.0147254987574037,20.75908000000055,0.14026405405405779,4.0236634030628915,0.07744219744147071,TIDAK,,N/A — belum pre-portfolio,POSITIF — BELUM LOLOS v11 (sample gagal)
29,CANDLE_ENGULFING f26/s144 p1=55.0 p2=66.0 p3=1.0 off=1.0 exp=3,CANDLE_ENGULFING,D1,STOP,LONG_ONLY,23.0,25.0,146,58.21917808219178,1.0046840850099652,8.068539999999643,0.055263972602737285,4.047679641478424,0.02756263013685111,TIDAK,,N/A — belum pre-portfolio,POSITIF — BELUM LOLOS v11 (sample gagal)
30,PRICE_STRUCTURE f55/s144 p1=66.0 p2=66.0 p3=1.0 off=2.5 exp=4,PRICE_STRUCTURE,D1,LIMIT,BOTH,25.0,25.0,145,61.37931034482759,1.0636983474848734,112.27844000000056,0.774334068965521,3.690683227171194,0.33764445251934927,TIDAK,,N/A — belum pre-portfolio,POSITIF — BELUM LOLOS v11 (sample gagal)
31,CANDLE_ENGULFING f8/s144 p1=52.0 p2=62.0 p3=1.0 off=0.75 exp=3,CANDLE_ENGULFING,D1,LIMIT,LONG_ONLY,25.0,25.0,144,61.80555555555556,1.083074427792093,139.2822550000001,0.9672378819444452,4.172712491009829,0.4646812297034968,TIDAK,,N/A — belum pre-portfolio,POSITIF — BELUM LOLOS v11 (sample gagal)
32,TREND_EMA f55/s144 p1=66.0 p2=52.0 p3=1.0 off=3.25 exp=7,TREND_EMA,D1,LIMIT,BOTH,24.5,25.0,144,61.111111111111114,1.0766836312153212,130.90611000000055,0.9090702083333372,3.135391468719389,0.4024025600905143,TIDAK,,N/A — belum pre-portfolio,POSITIF — BELUM LOLOS v11 (sample gagal)
33,PRICE_STRUCTURE f55/s89 p1=66.0 p2=66.0 p3=1.0 off=2.0 exp=7,PRICE_STRUCTURE,D1,LIMIT,LONG_ONLY,24.5,25.0,144,59.72222222222222,1.0021566561351645,3.9252300000005675,0.02725854166667061,5.197902176763808,0.011760868763990108,TIDAK,,N/A — belum pre-portfolio,POSITIF — BELUM LOLOS v11 (sample gagal)
34,PRICE_STRUCTURE f5/s100 p1=55.0 p2=52.0 p3=1.0 off=4.75 exp=5,PRICE_STRUCTURE,D1,LIMIT,LONG_ONLY,18.0,18.0,143,62.93706293706294,1.0486737501148424,64.52330500000087,0.4512119230769292,3.579598989763777,0.23726512951562995,TIDAK,,N/A — belum pre-portfolio,POSITIF — BELUM LOLOS v11 (sample gagal)
35,CANDLE_ENGULFING f50/s55 p1=58.0 p2=52.0 p3=1.0 off=0.5 exp=1,CANDLE_ENGULFING,D1,LIMIT,LONG_ONLY,24.5,25.0,139,60.431654676258994,1.0490926473905804,80.14961000000017,0.5766158992805768,4.743143355180438,0.2748311894588882,TIDAK,,N/A — belum pre-portfolio,POSITIF — BELUM LOLOS v11 (sample gagal)
36,CANDLE_ENGULFING f50/s89 p1=66.0 p2=58.0 p3=1.0 off=4.75 exp=6,CANDLE_ENGULFING,D1,LIMIT,LONG_ONLY,20.5,21.5,139,61.15107913669065,1.0357350648531007,49.2378650000004,0.3542292446043194,1.8624408525843645,0.19974912938801084,TIDAK,,N/A — belum pre-portfolio,POSITIF — BELUM LOLOS v11 (sample gagal)
37,CANDLE_ENGULFING f26/s100 p1=66.0 p2=52.0 p3=1.0 off=2.0 exp=1,CANDLE_ENGULFING,D1,LIMIT,LONG_ONLY,25.0,25.0,137,60.583941605839414,1.0425424363096611,69.07702000000006,0.5042118248175187,3.664970992619255,0.2368547548844396,TIDAK,,N/A — belum pre-portfolio,POSITIF — BELUM LOLOS v11 (sample gagal)
38,DONCHIAN f89/s100 p1=66.0 p2=66.0 p3=1.0 off=4.5 exp=5,DONCHIAN,D1,LIMIT,LONG_ONLY,10.5,24.0,137,45.25547445255474,1.0486331628401095,61.69060000000053,0.45029635036496735,3.51564028191142,0.23812630632714735,TIDAK,,N/A — belum pre-portfolio,POSITIF — BELUM LOLOS v11 (sample gagal)
39,CANDLE_ENGULFING f14/s144 p1=58.0 p2=62.0 p3=1.0 off=5.0 exp=5,CANDLE_ENGULFING,D1,LIMIT,LONG_ONLY,20.5,22.5,136,61.76470588235294,1.1168512094971794,156.7545000000004,1.1526066176470617,1.7010775957311344,0.6250547923989819,TIDAK,,N/A — belum pre-portfolio,POSITIF — BELUM LOLOS v11 (sample gagal)
40,CANDLE_ENGULFING f26/s144 p1=55.0 p2=52.0 p3=1.0 off=4.0 exp=2,CANDLE_ENGULFING,D1,LIMIT,LONG_ONLY,19.5,21.5,132,61.36363636363637,1.0710272483434757,89.35440000000034,0.6769272727272753,1.6743187175001388,0.3812020585892777,TIDAK,,N/A — belum pre-portfolio,POSITIF — BELUM LOLOS v11 (sample gagal)
41,DONCHIAN f50/s100 p1=66.0 p2=52.0 p3=1.0 off=4.75 exp=4,DONCHIAN,D1,LIMIT,LONG_ONLY,11.5,25.0,131,45.038167938931295,1.0042795307141048,5.512245000000519,0.04207820610687419,4.07891199318032,0.021265383103611875,TIDAK,,N/A — belum pre-portfolio,POSITIF — BELUM LOLOS v11 (sample gagal)
42,CANDLE_ENGULFING f21/s100 p1=52.0 p2=52.0 p3=1.0 off=4.75 exp=5,CANDLE_ENGULFING,D1,LIMIT,LONG_ONLY,23.5,24.5,129,60.46511627906977,1.0578829887253558,84.25380000000035,0.6531302325581423,2.267172530937096,0.31058428500616453,TIDAK,,N/A — belum pre-portfolio,POSITIF — BELUM LOLOS v11 (sample gagal)
43,DONCHIAN f5/s144 p1=62.0 p2=66.0 p3=1.0 off=3.0 exp=3,DONCHIAN,D1,LIMIT,BOTH,24.5,24.5,129,59.689922480620154,1.0047437806911035,7.640580000000455,0.05922930232558492,3.6458723644650735,0.024203219439126157,TIDAK,,N/A — belum pre-portfolio,POSITIF — BELUM LOLOS v11 (sample gagal)
44,DONCHIAN f3/s89 p1=66.0 p2=55.0 p3=1.0 off=3.0 exp=4,DONCHIAN,D1,LIMIT,BOTH,23.0,23.5,127,67.71653543307086,1.3723312848167895,436.9294000000002,3.4403889763779545,1.9275456140166267,1.7267246203918702,TIDAK,,N/A — belum pre-portfolio,POSITIF — BELUM LOLOS v11 (sample gagal)
45,DONCHIAN f3/s100 p1=55.0 p2=58.0 p3=1.0 off=1.0 exp=7,DONCHIAN,D1,LIMIT,BOTH,22.0,23.0,126,65.07936507936508,1.2249578259285978,275.72409,2.1882864285714283,2.5267209334155307,1.0999765389846416,TIDAK,,N/A — belum pre-portfolio,POSITIF — BELUM LOLOS v11 (sample gagal)
46,ATR_BREAKOUT f3/s13 p1=2.2 p2=55.0 p3=1.0 off=4.75 exp=4,ATR_BREAKOUT,D1,LIMIT,LONG_ONLY,23.0,23.5,108,62.96296296296296,1.0886081296582735,102.82343000000081,0.9520687962963038,1.9863135215569625,0.42248178674845466,TIDAK,,N/A — belum pre-portfolio,POSITIF — BELUM LOLOS v11 (sample gagal)
47,ZSCORE_REVERSION f26/s55 p1=1.0 p2=30.0 p3=1.0 off=1.5 exp=7,ZSCORE_REVERSION,D1,LIMIT,LONG_ONLY,13.5,16.5,77,61.03896103896104,1.1894158578760912,98.34864000000024,1.277255064935068,1.1954041315550525,0.7420537767209875,TIDAK,,N/A — belum pre-portfolio,POSITIF — BELUM LOLOS v11 (sample gagal)
48,DONCHIAN f3/s144 p1=52.0 p2=66.0 p3=1.0 off=1.0 exp=2,DONCHIAN,D1,LIMIT,LONG_ONLY,16.5,21.0,75,62.666666666666664,1.2052969497060515,127.56724000000023,1.7008965333333363,1.6135660514403447,0.7760837277590422,TIDAK,,N/A — belum pre-portfolio,POSITIF — BELUM LOLOS v11 (sample gagal)
49,BOLLINGER_REVERSION f26/s50 p1=1.2 p2=30.0 p3=1.0 off=4.0 exp=8,BOLLINGER_REVERSION,D1,LIMIT,LONG_ONLY,11.5,15.0,73,57.534246575342465,1.0093279877550103,4.4478199999997425,0.060929041095886885,1.3129769852534228,0.038724946213037965,TIDAK,,N/A — belum pre-portfolio,POSITIF — BELUM LOLOS v11 (sample gagal)
50,ZSCORE_REVERSION f26/s50 p1=1.3 p2=30.0 p3=1.0 off=0.5 exp=4,ZSCORE_REVERSION,D1,LIMIT,LONG_ONLY,13.0,20.0,70,52.857142857142854,1.077998018418339,43.53224000000002,0.6218891428571431,1.2003221944713907,0.3112018117917702,TIDAK,,N/A — belum pre-portfolio,POSITIF — BELUM LOLOS v11 (sample gagal)
51,ZSCORE_REVERSION f21/s50 p1=1.0 p2=25.0 p3=1.0 off=3.5 exp=8,ZSCORE_REVERSION,D1,LIMIT,LONG_ONLY,7.5,18.0,70,42.857142857142854,1.0738582895178947,35.41968000000033,0.5059954285714332,1.418925298304752,0.24795902838926057,TIDAK,,N/A — belum pre-portfolio,POSITIF — BELUM LOLOS v11 (sample gagal)
52,ZSCORE_REVERSION f26/s89 p1=1.0 p2=30.0 p3=1.0 off=3.25 exp=5,ZSCORE_REVERSION,D1,LIMIT,LONG_ONLY,12.0,17.5,70,52.857142857142854,1.0306284823165015,15.975915000000217,0.22822735714286024,1.4372731382088357,0.12367551913333126,TIDAK,,N/A — belum pre-portfolio,POSITIF — BELUM LOLOS v11 (sample gagal)
53,BOLLINGER_REVERSION f26/s34 p1=1.2 p2=30.0 p3=1.0 off=3.75 exp=5,BOLLINGER_REVERSION,D1,LIMIT,LONG_ONLY,9.5,20.5,66,50.0,1.2779790137976448,124.97914500000017,1.8936234090909116,1.4557890121790718,0.9754516945822882,TIDAK,,N/A — belum pre-portfolio,POSITIF — BELUM LOLOS v11 (sample gagal)
54,ZSCORE_REVERSION f26/s50 p1=0.7 p2=30.0 p3=1.0 off=0.5 exp=6,ZSCORE_REVERSION,D1,STOP,LONG_ONLY,18.5,25.0,62,51.61290322580645,1.0139686338517047,9.357070000000057,0.15092048387096865,2.4000377205071004,0.0540360205753746,TIDAK,,N/A — belum pre-portfolio,POSITIF — BELUM LOLOS v11 (sample gagal)
55,BOLLINGER_REVERSION f26/s144 p1=1.2 p2=30.0 p3=1.0 off=1.5 exp=7,BOLLINGER_REVERSION,D1,LIMIT,LONG_ONLY,16.5,17.5,61,62.295081967213115,1.150275716936247,70.23473000000024,1.1513890163934466,1.2125327658974212,0.5293159586371643,TIDAK,,N/A — belum pre-portfolio,POSITIF — BELUM LOLOS v11 (sample gagal)
56,ZSCORE_REVERSION f26/s55 p1=1.3 p2=30.0 p3=1.0 off=2.5 exp=7,ZSCORE_REVERSION,D1,LIMIT,LONG_ONLY,17.0,17.0,60,65.0,1.2318420499164664,101.3494600000003,1.6891576666666717,1.045253202473642,0.7769281924737192,TIDAK,,N/A — belum pre-portfolio,POSITIF — BELUM LOLOS v11 (sample gagal)
57,ZSCORE_REVERSION f26/s55 p1=1.3 p2=30.0 p3=1.0 off=2.5 exp=7,ZSCORE_REVERSION,D1,LIMIT,LONG_ONLY,18.5,23.0,53,56.60377358490566,1.153371141055228,78.96054000000021,1.4898215094339662,1.2642805066743001,0.5124023024026984,TIDAK,,N/A — belum pre-portfolio,POSITIF — BELUM LOLOS v11 (sample gagal)
58,ZSCORE_REVERSION f26/s144 p1=0.7 p2=30.0 p3=1.0 off=2.0 exp=7,ZSCORE_REVERSION,D1,LIMIT,LONG_ONLY,19.0,23.0,53,54.716981132075475,1.038270053785743,21.046140000000232,0.39709698113207986,1.8005082108191035,0.134684534962898,TIDAK,,N/A — belum pre-portfolio,POSITIF — BELUM LOLOS v11 (sample gagal)
59,ZSCORE_REVERSION f26/s100 p1=1.3 p2=30.0 p3=1.0 off=2.75 exp=6,ZSCORE_REVERSION,D1,LIMIT,LONG_ONLY,18.5,22.5,51,54.90196078431372,1.0468582754548643,24.123650000000236,0.47301274509804386,1.3488401693556897,0.16089643386162078,TIDAK,,N/A — belum pre-portfolio,POSITIF — BELUM LOLOS v11 (sample gagal)
60,BOLLINGER_REVERSION f26/s50 p1=1.5 p2=30.0 p3=1.0 off=1.25 exp=6,BOLLINGER_REVERSION,D1,STOP,LONG_ONLY,23.0,23.0,51,58.8235294117647,1.029304489248716,16.700760000000155,0.3274658823529442,2.625726403915186,0.10050871578197373,TIDAK,,N/A — belum pre-portfolio,POSITIF — BELUM LOLOS v11 (sample gagal)
61,BOLLINGER_REVERSION f26/s55 p1=1.2 p2=30.0 p3=1.0 off=0.5 exp=7,BOLLINGER_REVERSION,D1,STOP,LONG_ONLY,24.0,24.5,49,57.142857142857146,1.0020801832765263,1.2254700000000796,0.025009591836736317,2.557569018000078,0.007111959870661829,TIDAK,,N/A — belum pre-portfolio,POSITIF — BELUM LOLOS v11 (sample gagal)
62,ZSCORE_REVERSION f21/s100 p1=1.3 p2=25.0 p3=1.0 off=1.75 exp=2,ZSCORE_REVERSION,D1,LIMIT,LONG_ONLY,9.5,25.0,49,38.775510204081634,1.0014080166954604,0.5863800000002115,0.01196693877551452,1.2755572742522236,0.00472055979531841,TIDAK,,N/A — belum pre-portfolio,POSITIF — BELUM LOLOS v11 (sample gagal)
63,ZSCORE_REVERSION f21/s34 p1=0.7 p2=25.0 p3=1.0 off=0.75 exp=3,ZSCORE_REVERSION,D1,STOP,LONG_ONLY,22.0,23.0,48,62.5,1.171527223722987,83.23975000000013,1.734161458333336,0.9821655665046409,0.530312722273991,TIDAK,,N/A — belum pre-portfolio,POSITIF — BELUM LOLOS v11 (sample gagal)
64,ZSCORE_REVERSION f26/s144 p1=1.7 p2=30.0 p3=1.0 off=2.25 exp=5,ZSCORE_REVERSION,D1,LIMIT,LONG_ONLY,16.5,21.0,47,53.191489361702125,1.0001532330123395,0.06865500000018443,0.0014607446808549878,1.6922420998191468,0.000515893030117654,TIDAK,,N/A — belum pre-portfolio,POSITIF — BELUM LOLOS v11 (sample gagal)
65,DONCHIAN f26/s89 p1=55.0 p2=52.0 p3=1.0 off=4.0 exp=3,DONCHIAN,D1,LIMIT,SHORT_ONLY,16.0,17.0,44,63.63636363636363,1.1277788441625471,41.845320000000065,0.9510300000000015,1.1901754459742886,0.38158978922536757,TIDAK,,N/A — belum pre-portfolio,POSITIF — BELUM LOLOS v11 (sample gagal)
66,ATR_BREAKOUT f10/s13 p1=2.8 p2=55.0 p3=1.0 off=4.25 exp=6,ATR_BREAKOUT,D1,LIMIT,LONG_ONLY,15.5,15.5,44,68.18181818181819,1.0650847481608072,20.608160000000822,0.4683672727272914,1.0365462771560343,0.18806812834485934,TIDAK,,N/A — belum pre-portfolio,POSITIF — BELUM LOLOS v11 (sample gagal)
67,KELTNER_BREAKOUT f8/s10 p1=2.2 p2=55.0 p3=1.0 off=1.75 exp=6,KELTNER_BREAKOUT,D1,LIMIT,BOTH,15.5,19.0,42,61.904761904761905,1.1052655450826239,36.414049999999996,0.8670011904761904,1.126390727987869,0.3100174865698892,TIDAK,,N/A — belum pre-portfolio,POSITIF — BELUM LOLOS v11 (sample gagal)
68,KELTNER_BREAKOUT f13/s14 p1=2.8 p2=55.0 p3=1.0 off=2.25 exp=4,KELTNER_BREAKOUT,D1,LIMIT,BOTH,13.5,24.5,42,50.0,1.016188567215307,6.530349999999988,0.15548452380952352,1.2058245464976818,0.050760674260906614,TIDAK,,N/A — belum pre-portfolio,POSITIF — BELUM LOLOS v11 (sample gagal)
69,ATR_BREAKOUT f7/s13 p1=2.8 p2=55.0 p3=1.0 off=0.5 exp=2,ATR_BREAKOUT,D1,LIMIT,LONG_ONLY,23.0,25.0,42,59.523809523809526,1.012747103136353,6.267100000000703,0.1492166666666834,1.0371645452918186,0.03944647470587391,TIDAK,,N/A — belum pre-portfolio,POSITIF — BELUM LOLOS v11 (sample gagal)
70,DONCHIAN f10/s89 p1=66.0 p2=52.0 p3=1.0 off=3.0 exp=3,DONCHIAN,D1,LIMIT,SHORT_ONLY,18.0,24.5,41,56.09756097560975,1.1442228700430128,58.46401999999999,1.4259517073170729,0.7753944338736539,0.42438357514262287,TIDAK,,N/A — belum pre-portfolio,POSITIF — BELUM LOLOS v11 (sample gagal)
71,DONCHIAN f34/s100 p1=62.0 p2=58.0 p3=1.0 off=4.0 exp=8,DONCHIAN,D1,LIMIT,SHORT_ONLY,19.0,22.5,39,58.97435897435897,1.1489677527477076,55.91085999999976,1.4336117948717886,0.7302017781462763,0.42234472408619406,TIDAK,,N/A — belum pre-portfolio,POSITIF — BELUM LOLOS v11 (sample gagal)
72,DONCHIAN f5/s100 p1=55.0 p2=55.0 p3=1.0 off=2.25 exp=8,DONCHIAN,D1,LIMIT,SHORT_ONLY,21.5,24.5,38,60.526315789473685,1.187975940743555,73.85416999999998,1.9435307894736837,0.8027396265614408,0.5187825373217132,TIDAK,,N/A — belum pre-portfolio,POSITIF — BELUM LOLOS v11 (sample gagal)
73,DONCHIAN f10/s100 p1=55.0 p2=62.0 p3=1.0 off=4.5 exp=8,DONCHIAN,D1,LIMIT,SHORT_ONLY,21.0,23.0,38,60.526315789473685,1.1577598477083482,60.3377999999998,1.587836842105258,0.7458186726454915,0.43836192959459275,TIDAK,,N/A — belum pre-portfolio,POSITIF — BELUM LOLOS v11 (sample gagal)
74,HYBRID f89/s100 p1=55.0 p2=66.0 p3=1.0 off=1.75 exp=2,HYBRID,D1,LIMIT,BOTH,12.5,23.5,38,44.73684210526316,1.0806409939639632,32.41879,0.853126052631579,1.3691999483327668,0.17917207306404376,TIDAK,,N/A — belum pre-portfolio,POSITIF — BELUM LOLOS v11 (sample gagal)
75,BOLLINGER_REVERSION f26/s89 p1=1.8 p2=30.0 p3=1.0 off=3.25 exp=7,BOLLINGER_REVERSION,D1,LIMIT,LONG_ONLY,17.5,23.5,38,52.63157894736842,1.0481681281910915,18.689240000000215,0.49182210526316356,1.6433389735838577,0.14248302161476417,TIDAK,,N/A — belum pre-portfolio,POSITIF — BELUM LOLOS v11 (sample gagal)
76,BOLLINGER_REVERSION f26/s55 p1=1.8 p2=30.0 p3=1.0 off=3.75 exp=1,BOLLINGER_REVERSION,D1,LIMIT,LONG_ONLY,8.0,21.0,38,42.10526315789474,1.0515294143996596,13.804304999999994,0.3632711842105262,1.0970173694960608,0.1496143942180529,TIDAK,,N/A — belum pre-portfolio,POSITIF — BELUM LOLOS v11 (sample gagal)
77,DONCHIAN f89/s100 p1=52.0 p2=66.0 p3=1.0 off=2.5 exp=4,DONCHIAN,D1,LIMIT,SHORT_ONLY,14.0,23.0,38,50.0,1.0182656658280806,6.364119999999986,0.16747684210526279,0.8535569668978704,0.0548106792080428,TIDAK,,N/A — belum pre-portfolio,POSITIF — BELUM LOLOS v11 (sample gagal)
78,PRICE_STRUCTURE f5/s100 p1=62.0 p2=66.0 p3=1.0 off=3.0 exp=4,PRICE_STRUCTURE,D1,LIMIT,SHORT_ONLY,17.0,24.0,37,56.75675675675676,1.205696236730633,70.80582000000001,1.9136708108108111,0.6963598642101608,0.559452328169129,TIDAK,,N/A — belum pre-portfolio,POSITIF — BELUM LOLOS v11 (sample gagal)
79,DONCHIAN f3/s100 p1=66.0 p2=66.0 p3=1.0 off=3.0 exp=3,DONCHIAN,D1,LIMIT,SHORT_ONLY,19.5,25.0,37,56.75675675675676,1.1347354506558656,51.77706999999997,1.3993802702702696,0.8163845304329562,0.3772840680839104,TIDAK,,N/A — belum pre-portfolio,POSITIF — BELUM LOLOS v11 (sample gagal)
80,DONCHIAN f26/s100 p1=55.0 p2=66.0 p3=1.0 off=2.75 exp=7,DONCHIAN,D1,LIMIT,SHORT_ONLY,19.0,24.5,37,56.75675675675676,1.125040243042864,47.29823999999999,1.2783308108108107,0.7313670305782696,0.3514674900754859,TIDAK,,N/A — belum pre-portfolio,POSITIF — BELUM LOLOS v11 (sample gagal)
81,ATR_BREAKOUT f3/s7 p1=1.8 p2=55.0 p3=1.0 off=4.75 exp=4,ATR_BREAKOUT,D1,STOP,LONG_ONLY,20.5,21.5,37,64.86486486486487,1.0488566781122786,18.463094999999996,0.49900256756756745,1.435934721018664,0.13430762920839584,TIDAK,,N/A — belum pre-portfolio,POSITIF — BELUM LOLOS v11 (sample gagal)
82,ZSCORE_REVERSION f21/s100 p1=0.7 p2=25.0 p3=1.0 off=2.75 exp=8,ZSCORE_REVERSION,D1,LIMIT,LONG_ONLY,25.0,25.0,36,63.888888888888886,1.4499451273480364,174.15159000000037,4.837544166666677,0.5801155649702391,1.0157332391527414,TIDAK,,N/A — belum pre-portfolio,POSITIF — BELUM LOLOS v11 (sample gagal)
83,TREND_EMA f89/s100 p1=66.0 p2=55.0 p3=1.0 off=3.25 exp=6,TREND_EMA,D1,LIMIT,LONG_ONLY,8.0,14.5,36,50.0,1.4469790843320023,119.23585000000017,3.3121069444444493,0.8862270996140709,0.6899319605595505,TIDAK,,N/A — belum pre-portfolio,POSITIF — BELUM LOLOS v11 (sample gagal)
84,PRICE_STRUCTURE f14/s100 p1=52.0 p2=66.0 p3=1.0 off=2.5 exp=4,PRICE_STRUCTURE,D1,LIMIT,SHORT_ONLY,21.0,25.0,36,61.111111111111114,1.2758976492257357,98.8745,2.746513888888889,0.7884499287219867,0.716430125047203,TIDAK,,N/A — belum pre-portfolio,POSITIF — BELUM LOLOS v11 (sample gagal)
85,DONCHIAN f14/s100 p1=58.0 p2=66.0 p3=1.0 off=3.5 exp=5,DONCHIAN,D1,LIMIT,SHORT_ONLY,14.5,25.0,36,50.0,1.1196758684559724,40.872069999999866,1.135335277777774,0.5980493433823104,0.33177487213566004,TIDAK,,N/A — belum pre-portfolio,POSITIF — BELUM LOLOS v11 (sample gagal)
86,MOMENTUM_RSI_ROC f89/s100 p1=0.8 p2=66.0 p3=1.0 off=3.0 exp=2,MOMENTUM_RSI_ROC,D1,LIMIT,BOTH,13.0,25.0,36,41.666666666666664,1.0991666320146527,40.82813999999996,1.1341149999999989,1.5562084998739105,0.21497031204234957,TIDAK,,N/A — belum pre-portfolio,POSITIF — BELUM LOLOS v11 (sample gagal)
87,MOMENTUM_RSI_ROC f50/s100 p1=2.5 p2=66.0 p3=1.0 off=2.75 exp=6,MOMENTUM_RSI_ROC,D1,LIMIT,SHORT_ONLY,10.5,13.0,36,63.888888888888886,1.1444685147705154,26.964690000000044,0.7490191666666679,0.4547445869119487,0.38992505662932675,TIDAK,,N/A — belum pre-portfolio,POSITIF — BELUM LOLOS v11 (sample gagal)
88,HYBRID f50/s100 p1=52.0 p2=66.0 p3=1.0 off=2.25 exp=6,HYBRID,D1,LIMIT,SHORT_ONLY,10.5,13.0,36,61.111111111111114,1.0147928120083936,2.9744700000000464,0.08262416666666796,0.45466467952386214,0.04239853747165978,TIDAK,,N/A — belum pre-portfolio,POSITIF — BELUM LOLOS v11 (sample gagal)
89,ZSCORE_REVERSION f26/s55 p1=2.1 p2=30.0 p3=1.0 off=3.75 exp=7,ZSCORE_REVERSION,D1,LIMIT,LONG_ONLY,6.5,6.5,36,66.66666666666667,1.020621727109603,2.7030300000000214,0.07508416666666726,0.7152753163465526,0.04629666776973662,TIDAK,,N/A — belum pre-portfolio,POSITIF — BELUM LOLOS v11 (sample gagal)
90,DONCHIAN f50/s100 p1=58.0 p2=66.0 p3=1.0 off=4.75 exp=6,DONCHIAN,D1,LIMIT,SHORT_ONLY,23.0,25.0,35,62.857142857142854,1.2930253644951615,105.4943499999999,3.0141242857142827,0.8034713798470375,0.7403042494433026,TIDAK,,N/A — belum pre-portfolio,POSITIF — BELUM LOLOS v11 (sample gagal)
91,BOLLINGER_REVERSION f21/s144 p1=1.5 p2=25.0 p3=1.0 off=3.5 exp=8,BOLLINGER_REVERSION,D1,LIMIT,LONG_ONLY,16.5,21.5,35,48.57142857142857,1.0562676002163824,21.482330000000402,0.6137808571428687,1.7103810725174184,0.14186211493715942,TIDAK,,N/A — belum pre-portfolio,POSITIF — BELUM LOLOS v11 (sample gagal)
92,TREND_EMA f89/s100 p1=66.0 p2=52.0 p3=1.0 off=4.5 exp=8,TREND_EMA,D1,LIMIT,LONG_ONLY,8.0,19.0,34,47.05882352941177,1.4629745236874667,123.58265999999998,3.634784117647058,0.8856946876636682,0.7204632334754903,TIDAK,,N/A — belum pre-portfolio,POSITIF — BELUM LOLOS v11 (sample gagal)
93,MOMENTUM_RSI_ROC f89/s100 p1=2.5 p2=66.0 p3=1.0 off=0.5 exp=6,MOMENTUM_RSI_ROC,D1,LIMIT,LONG_ONLY,11.0,25.0,34,44.11764705882353,1.2265845762332717,76.65725999999997,2.254625294117646,1.0069331357258242,0.4379256070701063,TIDAK,,N/A — belum pre-portfolio,POSITIF — BELUM LOLOS v11 (sample gagal)
94,DONCHIAN f10/s100 p1=55.0 p2=66.0 p3=1.0 off=5.0 exp=1,DONCHIAN,D1,LIMIT,SHORT_ONLY,15.0,22.5,34,55.88235294117647,1.1669848610863927,48.92080999999999,1.438847352941176,0.756051280291656,0.4416002748262348,TIDAK,,N/A — belum pre-portfolio,POSITIF — BELUM LOLOS v11 (sample gagal)
95,DONCHIAN f26/s100 p1=52.0 p2=55.0 p3=1.0 off=3.75 exp=1,DONCHIAN,D1,LIMIT,SHORT_ONLY,16.0,24.0,34,52.94117647058823,1.0639924279621764,21.19278,0.6233170588235294,0.7857343530489591,0.17744949575243232,TIDAK,,N/A — belum pre-portfolio,POSITIF — BELUM LOLOS v11 (sample gagal)
96,PRICE_STRUCTURE f55/s89 p1=58.0 p2=58.0 p3=1.0 off=3.5 exp=5,PRICE_STRUCTURE,D1,LIMIT,SHORT_ONLY,13.0,22.5,34,50.0,1.0696367578180916,20.837069999999763,0.612854999999993,0.5153348220907428,0.19128972270988862,TIDAK,,N/A — belum pre-portfolio,POSITIF — BELUM LOLOS v11 (sample gagal)
97,TREND_EMA f50/s100 p1=66.0 p2=55.0 p3=1.0 off=3.75 exp=3,TREND_EMA,D1,LIMIT,SHORT_ONLY,12.0,12.5,34,64.70588235294117,1.0121841073938564,2.3536049999998507,0.06922367647058385,0.9599528172166543,0.033255724970975425,TIDAK,,N/A — belum pre-portfolio,POSITIF — BELUM LOLOS v11 (sample gagal)
98,BOLLINGER_REVERSION f26/s34 p1=1.8 p2=30.0 p3=1.0 off=2.75 exp=6,BOLLINGER_REVERSION,D1,LIMIT,LONG_ONLY,16.5,21.0,33,72.72727272727273,2.2846830881386273,242.34159000000022,7.343684545454552,0.7157563234566259,2.375579827717532,TIDAK,,N/A — belum pre-portfolio,POSITIF — BELUM LOLOS v11 (sample gagal)
99,MOMENTUM_RSI_ROC f89/s100 p1=2.5 p2=66.0 p3=1.0 off=2.75 exp=5,MOMENTUM_RSI_ROC,D1,LIMIT,LONG_ONLY,20.0,21.5,33,54.54545454545455,1.0261438324967709,10.81119500000002,0.32761196969697026,1.3637585124966285,0.056823511095472824,TIDAK,,N/A — belum pre-portfolio,POSITIF — BELUM LOLOS v11 (sample gagal)
100,TREND_EMA f50/s55 p1=66.0 p2=52.0 p3=1.0 off=3.5 exp=3,TREND_EMA,D1,LIMIT,SHORT_ONLY,6.0,16.0,33,45.45454545454545,1.020403591024922,3.679279999999995,0.11149333333333318,0.7779586841370617,0.056807612448274904,TIDAK,,N/A — belum pre-portfolio,POSITIF — BELUM LOLOS v11 (sample gagal)
101,PRICE_STRUCTURE f55/s100 p1=58.0 p2=52.0 p3=1.0 off=4.0 exp=7,PRICE_STRUCTURE,D1,LIMIT,SHORT_ONLY,20.5,24.0,32,65.625,1.5104242188164818,143.35401999999985,4.479813124999995,0.5868883384660953,1.1403165832841315,TIDAK,,N/A — belum pre-portfolio,POSITIF — BELUM LOLOS v11 (sample gagal)
102,BOLLINGER_REVERSION f21/s26 p1=1.8 p2=25.0 p3=1.0 off=4.0 exp=7,BOLLINGER_REVERSION,D1,LIMIT,LONG_ONLY,13.5,16.0,32,53.125,1.0691997577439067,19.523410000000116,0.6101065625000036,0.8398050754586834,0.1503563561355211,TIDAK,,N/A — belum pre-portfolio,POSITIF — BELUM LOLOS v11 (sample gagal)
103,MOMENTUM_RSI_ROC f50/s89 p1=0.8 p2=66.0 p3=1.0 off=5.0 exp=2,MOMENTUM_RSI_ROC,D1,LIMIT,SHORT_ONLY,9.5,12.5,32,59.375,1.003870253118614,0.6824599999998995,0.02132687499999686,0.758888286875472,0.010474545932672502,TIDAK,,N/A — belum pre-portfolio,POSITIF — BELUM LOLOS v11 (sample gagal)
104,ZSCORE_REVERSION f20/s21 p1=1.7 p2=25.0 p3=1.0 off=4.25 exp=7,ZSCORE_REVERSION,D1,LIMIT,LONG_ONLY,19.5,24.5,32,50.0,1.0016712824696499,0.6630500000001689,0.020720312500005278,1.3449495810854744,0.004202317059425378,TIDAK,,N/A — belum pre-portfolio,POSITIF — BELUM LOLOS v11 (sample gagal)
105,ZSCORE_REVERSION f21/s144 p1=1.3 p2=25.0 p3=1.0 off=2.75 exp=7,ZSCORE_REVERSION,D1,LIMIT,LONG_ONLY,25.0,25.0,31,58.064516129032256,1.1883023189234143,72.88255000000035,2.3510500000000114,1.3410786143773754,0.43476011035700274,TIDAK,,N/A — belum pre-portfolio,POSITIF — BELUM LOLOS v11 (sample gagal)
106,ATR_BREAKOUT f5/s8 p1=2.2 p2=55.0 p3=1.0 off=2.75 exp=8,ATR_BREAKOUT,D1,LIMIT,BOTH,18.0,20.0,31,64.51612903225806,1.211100032835344,55.309110000000345,1.7841648387096884,0.5884681222777031,0.5083854824390651,TIDAK,,N/A — belum pre-portfolio,POSITIF — BELUM LOLOS v11 (sample gagal)
107,MOMENTUM_RSI_ROC f50/s89 p1=1.8 p2=66.0 p3=1.0 off=3.5 exp=8,MOMENTUM_RSI_ROC,D1,LIMIT,SHORT_ONLY,8.0,8.0,31,74.19354838709677,1.360131669696364,34.17032999999972,1.1022687096774104,0.23981718135380517,0.7001416982968639,TIDAK,,N/A — belum pre-portfolio,POSITIF — BELUM LOLOS v11 (sample gagal)
108,ZSCORE_REVERSION f7/s55 p1=2.7 p2=40.0 p3=1.0 off=3.75 exp=8,ZSCORE_REVERSION,D1,LIMIT,LONG_ONLY,8.0,25.0,31,32.25806451612903,1.0511107136066187,14.149400000000412,0.4564322580645294,1.5227938874267841,0.10989233876282252,TIDAK,,N/A — belum pre-portfolio,POSITIF — BELUM LOLOS v11 (sample gagal)
109,HYBRID f50/s100 p1=55.0 p2=66.0 p3=1.0 off=3.25 exp=4,HYBRID,D1,LIMIT,SHORT_ONLY,11.0,18.0,31,51.61290322580645,1.0129621865693175,2.896029999999996,0.09342032258064503,0.9297532999999931,0.035246650965139376,TIDAK,,N/A — belum pre-portfolio,POSITIF — BELUM LOLOS v11 (sample gagal)
110,MOMENTUM_RSI_ROC f89/s100 p1=0.3 p2=66.0 p3=1.0 off=5.0 exp=5,MOMENTUM_RSI_ROC,D1,LIMIT,LONG_ONLY,15.0,22.0,29,44.827586206896555,1.069524112548059,24.560380000000027,0.8469096551724147,1.1674492572861972,0.13226187511034224,TIDAK,,N/A — belum pre-portfolio,POSITIF — BELUM LOLOS v11 (sample gagal)
111,ZSCORE_REVERSION f26/s100 p1=1.0 p2=25.0 p3=1.0 off=1.5 exp=7,ZSCORE_REVERSION,D1,LIMIT,LONG_ONLY,12.0,21.5,29,48.275862068965516,1.076336674320206,18.203280000000053,0.6276993103448294,0.6625818337942742,0.19352311782788256,TIDAK,,N/A — belum pre-portfolio,POSITIF — BELUM LOLOS v11 (sample gagal)
112,ZSCORE_REVERSION f26/s144 p1=0.7 p2=25.0 p3=1.0 off=1.75 exp=2,ZSCORE_REVERSION,D1,STOP,LONG_ONLY,12.0,23.0,28,46.42857142857143,1.111450878065433,26.41849000000008,0.9435175000000029,0.9179617579543671,0.27174994892495963,TIDAK,,N/A — belum pre-portfolio,POSITIF — BELUM LOLOS v11 (sample gagal)
113,ZSCORE_REVERSION f26/s144 p1=0.7 p2=25.0 p3=1.0 off=0.75 exp=3,ZSCORE_REVERSION,D1,LIMIT,LONG_ONLY,9.0,24.0,28,39.285714285714285,1.0428926697532745,9.32938000000005,0.33319214285714466,0.6918020172010482,0.10590102610375865,TIDAK,,N/A — belum pre-portfolio,POSITIF — BELUM LOLOS v11 (sample gagal)
114,MOMENTUM_RSI_ROC f50/s55 p1=0.3 p2=66.0 p3=1.0 off=4.0 exp=4,MOMENTUM_RSI_ROC,D1,LIMIT,SHORT_ONLY,9.5,16.0,28,53.57142857142857,1.0471095791306,8.261980000000003,0.2950707142857144,0.601560614815873,0.1194129123911155,TIDAK,,N/A — belum pre-portfolio,POSITIF — BELUM LOLOS v11 (sample gagal)
115,ZSCORE_REVERSION f26/s34 p1=2.1 p2=30.0 p3=1.0 off=1.0 exp=5,ZSCORE_REVERSION,D1,STOP,LONG_ONLY,15.0,23.0,27,55.55555555555556,1.2069917256064584,48.37082000000008,1.791511851851855,1.3883765277348077,0.47946973983513114,TIDAK,,N/A — belum pre-portfolio,POSITIF — BELUM LOLOS v11 (sample gagal)
116,TREND_EMA f50/s55 p1=66.0 p2=52.0 p3=1.0 off=3.5 exp=4,TREND_EMA,D1,LIMIT,SHORT_ONLY,11.5,18.5,27,51.851851851851855,1.0225200174524363,4.514729999999993,0.16721222222222196,0.9598543000000064,0.056739593414506635,TIDAK,,N/A — belum pre-portfolio,POSITIF — BELUM LOLOS v11 (sample gagal)
117,DONCHIAN f55/s144 p1=66.0 p2=52.0 p3=1.0 off=4.0 exp=8,DONCHIAN,D1,LIMIT,SHORT_ONLY,16.0,22.5,25,56.0,1.1938074831730228,44.165639999999776,1.7666255999999911,0.6228629996088096,0.42929961778978404,TIDAK,,N/A — belum pre-portfolio,POSITIF — BELUM LOLOS v11 (sample gagal)
118,ZSCORE_REVERSION f26/s50 p1=2.1 p2=30.0 p3=1.0 off=3.0 exp=3,ZSCORE_REVERSION,D1,LIMIT,LONG_ONLY,5.5,22.0,25,36.0,1.081743650586077,13.101820000000039,0.5240728000000016,0.8820165730996917,0.1813188661704735,TIDAK,,N/A — belum pre-portfolio,POSITIF — BELUM LOLOS v11 (sample gagal)
119,PRICE_STRUCTURE f14/s144 p1=52.0 p2=58.0 p3=1.0 off=2.5 exp=7,PRICE_STRUCTURE,D1,LIMIT,SHORT_ONLY,17.5,22.0,25,56.0,1.0340876742795668,8.326030000000006,0.33304120000000026,0.6303336370344446,0.0812785931035388,TIDAK,,N/A — belum pre-portfolio,POSITIF — BELUM LOLOS v11 (sample gagal)
120,ZSCORE_REVERSION f26/s89 p1=1.0 p2=25.0 p3=1.0 off=1.75 exp=5,ZSCORE_REVERSION,D1,STOP,LONG_ONLY,17.0,25.0,24,58.333333333333336,1.4620039900494781,96.90153000000008,4.037563750000003,0.8391082634696388,0.9146576619909558,TIDAK,,N/A — belum pre-portfolio,POSITIF — BELUM LOLOS v11 (sample gagal)
121,PRICE_STRUCTURE f8/s144 p1=55.0 p2=66.0 p3=1.0 off=2.75 exp=5,PRICE_STRUCTURE,D1,LIMIT,SHORT_ONLY,17.0,25.0,24,58.333333333333336,1.3447515115831943,75.53497,3.147290416666667,0.4456981599521106,0.7097310036474904,TIDAK,,N/A — belum pre-portfolio,POSITIF — BELUM LOLOS v11 (sample gagal)
122,ZSCORE_REVERSION f26/s50 p1=0.7 p2=25.0 p3=1.0 off=0.75 exp=6,ZSCORE_REVERSION,D1,LIMIT,LONG_ONLY,15.0,24.0,24,54.166666666666664,1.2879696926165123,59.97736000000006,2.4990566666666694,0.5761643982561512,0.6070758428213215,TIDAK,,N/A — belum pre-portfolio,POSITIF — BELUM LOLOS v11 (sample gagal)
123,DONCHIAN f10/s144 p1=66.0 p2=66.0 p3=1.0 off=2.25 exp=6,DONCHIAN,D1,LIMIT,SHORT_ONLY,23.5,24.5,24,62.5,1.200687560626078,51.53026999999999,2.147094583333333,0.5839777992304505,0.43190045929324766,TIDAK,,N/A — belum pre-portfolio,POSITIF — BELUM LOLOS v11 (sample gagal)
124,DONCHIAN f5/s144 p1=66.0 p2=52.0 p3=1.0 off=2.25 exp=6,DONCHIAN,D1,LIMIT,SHORT_ONLY,24.0,24.5,24,62.5,1.1799761730461327,47.023369999999986,1.9593070833333328,0.5989660163724094,0.39017145114597673,TIDAK,,N/A — belum pre-portfolio,POSITIF — BELUM LOLOS v11 (sample gagal)
125,PRICE_STRUCTURE f3/s144 p1=66.0 p2=66.0 p3=1.0 off=2.25 exp=5,PRICE_STRUCTURE,D1,LIMIT,SHORT_ONLY,20.0,25.0,24,58.333333333333336,1.1827040300975389,45.51826999999997,1.8965945833333322,0.5062872365869356,0.3999403587047562,TIDAK,,N/A — belum pre-portfolio,POSITIF — BELUM LOLOS v11 (sample gagal)
126,DONCHIAN f34/s144 p1=55.0 p2=52.0 p3=1.0 off=3.0 exp=4,DONCHIAN,D1,LIMIT,SHORT_ONLY,19.5,23.5,24,58.333333333333336,1.1206220619153784,29.44901999999999,1.2270424999999996,0.4970095020935858,0.27045314401089493,TIDAK,,N/A — belum pre-portfolio,POSITIF — BELUM LOLOS v11 (sample gagal)
127,DONCHIAN f7/s144 p1=52.0 p2=55.0 p3=1.0 off=1.75 exp=7,DONCHIAN,D1,LIMIT,SHORT_ONLY,23.0,25.0,24,58.333333333333336,1.0556109185713987,15.49965000000001,0.6458187500000004,0.5845212531510176,0.12808426683266916,TIDAK,,N/A — belum pre-portfolio,POSITIF — BELUM LOLOS v11 (sample gagal)
128,BOLLINGER_REVERSION f26/s55 p1=1.5 p2=25.0 p3=1.0 off=2.75 exp=1,BOLLINGER_REVERSION,D1,STOP,LONG_ONLY,18.0,22.5,24,54.166666666666664,1.0637659077129014,15.39661000000008,0.6415254166666701,0.9134564547089583,0.14772372520528543,TIDAK,,N/A — belum pre-portfolio,POSITIF — BELUM LOLOS v11 (sample gagal)
129,DONCHIAN f8/s144 p1=55.0 p2=52.0 p3=1.0 off=3.75 exp=7,DONCHIAN,D1,LIMIT,SHORT_ONLY,13.0,24.0,24,45.833333333333336,1.003428351192674,0.7898999999998537,0.032912499999993905,0.495829123569774,0.008091273351794647,TIDAK,,N/A — belum pre-portfolio,POSITIF — BELUM LOLOS v11 (sample gagal)
130,BOLLINGER_REVERSION f26/s34 p1=2.2 p2=30.0 p3=1.0 off=1.5 exp=7,BOLLINGER_REVERSION,D1,LIMIT,LONG_ONLY,17.0,17.5,23,73.91304347826087,1.9790053676298769,124.66764000000023,5.420332173913054,0.5722912641209463,1.5719488730237594,TIDAK,,N/A — belum pre-portfolio,POSITIF — BELUM LOLOS v11 (sample gagal)
131,KELTNER_BREAKOUT f10/s21 p1=2.8 p2=55.0 p3=1.0 off=4.0 exp=5,KELTNER_BREAKOUT,D1,LIMIT,SHORT_ONLY,21.0,25.0,23,60.869565217391305,1.2881276111692164,67.42173999999993,2.9313799999999968,0.9593571799424567,0.58826672737899,TIDAK,,N/A — belum pre-portfolio,POSITIF — BELUM LOLOS v11 (sample gagal)
132,ZSCORE_REVERSION f14/s55 p1=2.7 p2=25.0 p3=1.0 off=4.0 exp=7,ZSCORE_REVERSION,D1,LIMIT,LONG_ONLY,7.0,17.0,23,43.47826086956522,1.3995720612560707,59.90704000000017,2.6046539130434856,0.7495660690144892,0.559889396859578,TIDAK,,N/A — belum pre-portfolio,POSITIF — BELUM LOLOS v11 (sample gagal)
133,ZSCORE_REVERSION f26/s34 p1=0.7 p2=25.0 p3=1.0 off=2.25 exp=4,ZSCORE_REVERSION,D1,LIMIT,LONG_ONLY,15.0,23.5,23,52.17391304347826,1.1611674800283347,33.56394000000003,1.4593017391304361,0.5776953233875657,0.3498073018046827,TIDAK,,N/A — belum pre-portfolio,POSITIF — BELUM LOLOS v11 (sample gagal)
134,PRICE_STRUCTURE f10/s144 p1=66.0 p2=62.0 p3=1.0 off=3.75 exp=6,PRICE_STRUCTURE,D1,LIMIT,SHORT_ONLY,15.0,24.0,23,52.17391304347826,1.1467757130780356,32.227739999999855,1.4012060869565155,0.516294431359979,0.31825948510337504,TIDAK,,N/A — belum pre-portfolio,POSITIF — BELUM LOLOS v11 (sample gagal)
135,ATR_BREAKOUT f10/s13 p1=2.8 p2=55.0 p3=1.0 off=3.0 exp=7,ATR_BREAKOUT,D1,LIMIT,SHORT_ONLY,18.5,21.0,23,60.869565217391305,1.08727991305444,18.92289000000001,0.8227343478260873,0.7352012406770564,0.1919206725605985,TIDAK,,N/A — belum pre-portfolio,POSITIF — BELUM LOLOS v11 (sample gagal)
136,ZSCORE_REVERSION f26/s34 p1=2.1 p2=30.0 p3=1.0 off=2.75 exp=5,ZSCORE_REVERSION,D1,LIMIT,LONG_ONLY,16.5,17.5,22,77.27272727272727,2.440020111841462,150.30400000000023,6.8320000000000105,0.3557615620648942,2.022664041539677,TIDAK,,N/A — belum pre-portfolio,POSITIF — BELUM LOLOS v11 (sample gagal)
137,ZSCORE_REVERSION f26/s34 p1=1.0 p2=25.0 p3=1.0 off=1.5 exp=8,ZSCORE_REVERSION,D1,STOP,LONG_ONLY,19.5,24.5,22,63.63636363636363,1.5956735283779477,112.25501000000008,5.102500454545458,0.5226611767174744,1.0773389959649313,TIDAK,,N/A — belum pre-portfolio,POSITIF — BELUM LOLOS v11 (sample gagal)
138,ZSCORE_REVERSION f26/s89 p1=1.3 p2=25.0 p3=1.0 off=4.25 exp=5,ZSCORE_REVERSION,D1,STOP,LONG_ONLY,22.0,25.0,22,63.63636363636363,1.4497935714866768,93.77685000000005,4.262584090909093,0.6123542728410085,0.8513907459276291,TIDAK,,N/A — belum pre-portfolio,POSITIF — BELUM LOLOS v11 (sample gagal)
139,PRICE_STRUCTURE f10/s144 p1=52.0 p2=52.0 p3=1.0 off=3.5 exp=4,PRICE_STRUCTURE,D1,LIMIT,SHORT_ONLY,18.0,24.0,22,59.09090909090909,1.2549446754055187,52.88141999999999,2.4037009090909085,0.46634094601360604,0.5178140657282184,TIDAK,,N/A — belum pre-portfolio,POSITIF — BELUM LOLOS v11 (sample gagal)
140,PRICE_STRUCTURE f20/s144 p1=66.0 p2=66.0 p3=1.0 off=3.5 exp=4,PRICE_STRUCTURE,D1,LIMIT,SHORT_ONLY,21.0,21.0,22,63.63636363636363,1.1398997626258334,29.314959999999886,1.3324981818181767,0.5452632000000085,0.29216894887370626,TIDAK,,N/A — belum pre-portfolio,POSITIF — BELUM LOLOS v11 (sample gagal)
141,ZSCORE_REVERSION f26/s50 p1=1.3 p2=25.0 p3=1.0 off=0.75 exp=3,ZSCORE_REVERSION,D1,LIMIT,LONG_ONLY,21.5,24.5,21,71.42857142857143,2.1409792366206584,173.4885400000001,8.261359047619052,0.5576262237175726,1.7288456862400825,TIDAK,,N/A — belum pre-portfolio,POSITIF — BELUM LOLOS v11 (sample gagal)
142,ATR_BREAKOUT f5/s8 p1=2.2 p2=55.0 p3=1.0 off=2.5 exp=3,ATR_BREAKOUT,D1,LIMIT,LONG_ONLY,23.5,23.5,21,71.42857142857143,1.6053834826733588,108.50675000000031,5.16698809523811,0.5216175542665605,1.0357306501199275,TIDAK,,N/A — belum pre-portfolio,POSITIF — BELUM LOLOS v11 (sample gagal)
143,DONCHIAN f34/s144 p1=66.0 p2=66.0 p3=1.0 off=4.5 exp=4,DONCHIAN,D1,LIMIT,SHORT_ONLY,22.5,24.5,21,61.904761904761905,1.2043831375875955,45.28685999999999,2.1565171428571426,0.5556176683461096,0.410238477981838,TIDAK,,N/A — belum pre-portfolio,POSITIF — BELUM LOLOS v11 (sample gagal)
144,ZSCORE_REVERSION f26/s144 p1=1.7 p2=25.0 p3=1.0 off=1.75 exp=8,ZSCORE_REVERSION,D1,STOP,LONG_ONLY,13.0,25.0,21,47.61904761904762,1.1958460955176846,36.35551000000008,1.7312147619047658,0.6866729165018611,0.39597728489443523,TIDAK,,N/A — belum pre-portfolio,POSITIF — BELUM LOLOS v11 (sample gagal)
145,KELTNER_BREAKOUT f8/s10 p1=2.2 p2=55.0 p3=1.0 off=3.25 exp=8,KELTNER_BREAKOUT,D1,LIMIT,LONG_ONLY,19.0,25.0,21,57.142857142857146,1.0833675737643966,18.250630000000356,0.869077619047636,0.45036486745188353,0.1762564998718213,TIDAK,,N/A — belum pre-portfolio,POSITIF — BELUM LOLOS v11 (sample gagal)
146,KELTNER_BREAKOUT f10/s20 p1=2.8 p2=55.0 p3=1.0 off=4.5 exp=8,KELTNER_BREAKOUT,D1,LIMIT,SHORT_ONLY,11.0,25.0,21,42.857142857142854,1.085645916497028,15.630079999999865,0.7442895238095174,0.45460954269244175,0.17924442775426996,TIDAK,,N/A — belum pre-portfolio,POSITIF — BELUM LOLOS v11 (sample gagal)
147,ZSCORE_REVERSION f26/s50 p1=1.7 p2=25.0 p3=1.0 off=1.5 exp=2,ZSCORE_REVERSION,D1,LIMIT,LONG_ONLY,12.5,23.5,20,50.0,1.2508592938025747,41.24480000000003,2.062240000000002,0.5022597844073237,0.4847992378631357,TIDAK,,N/A — belum pre-portfolio,POSITIF — BELUM LOLOS v11 (sample gagal)
148,BOLLINGER_REVERSION f26/s144 p1=1.5 p2=25.0 p3=1.0 off=3.0 exp=4,BOLLINGER_REVERSION,D1,STOP,LONG_ONLY,21.0,24.0,19,57.89473684210526,1.159515285721355,31.977940000000082,1.6830494736842148,0.7831963982245742,0.31269616755811536,TIDAK,,N/A — belum pre-portfolio,POSITIF — BELUM LOLOS v11 (sample gagal)
149,BOLLINGER_REVERSION f3/s55 p1=3.0 p2=30.0 p3=1.0 off=3.5 exp=8,BOLLINGER_REVERSION,D1,LIMIT,LONG_ONLY,7.0,9.0,19,47.36842105263158,1.1937133260693562,24.804480000000268,1.305498947368435,0.912529112586008,0.2379178813343022,TIDAK,,N/A — belum pre-portfolio,POSITIF — BELUM LOLOS v11 (sample gagal)
150,BOLLINGER_REVERSION f26/s144 p1=1.2 p2=25.0 p3=1.0 off=2.5 exp=7,BOLLINGER_REVERSION,D1,LIMIT,LONG_ONLY,20.0,25.0,18,66.66666666666667,1.8756644027757279,125.26008000000007,6.958893333333338,0.5090095473733073,1.3098539474987245,TIDAK,,N/A — belum pre-portfolio,POSITIF — BELUM LOLOS v11 (sample gagal)
151,PRICE_STRUCTURE f100/s144 p1=66.0 p2=52.0 p3=1.0 off=1.25 exp=8,PRICE_STRUCTURE,D1,LIMIT,SHORT_ONLY,20.5,24.0,18,61.111111111111114,1.2767584823183935,47.43308000000001,2.6351711111111116,0.3610921805280424,0.501822118864932,TIDAK,,N/A — belum pre-portfolio,POSITIF — BELUM LOLOS v11 (sample gagal)
152,KELTNER_BREAKOUT f3/s7 p1=1.5 p2=55.0 p3=1.0 off=4.75 exp=4,KELTNER_BREAKOUT,D1,LIMIT,SHORT_ONLY,17.0,24.0,18,55.55555555555556,1.2051763426114337,34.803310000000074,1.9335172222222263,0.6228468919086646,0.38231085792865815,TIDAK,,N/A — belum pre-portfolio,POSITIF — BELUM LOLOS v11 (sample gagal)
153,ZSCORE_REVERSION f26/s34 p1=2.1 p2=30.0 p3=1.0 off=1.0 exp=1,ZSCORE_REVERSION,D1,LIMIT,LONG_ONLY,11.0,15.5,18,61.111111111111114,1.2109618747437174,22.719210000000047,1.2621783333333358,0.42113006162744926,0.38532427148000065,TIDAK,,N/A — belum pre-portfolio,POSITIF — BELUM LOLOS v11 (sample gagal)
154,KELTNER_BREAKOUT f3/s8 p1=1.8 p2=55.0 p3=1.0 off=2.75 exp=8,KELTNER_BREAKOUT,D1,LIMIT,BOTH,7.5,24.5,18,44.44444444444444,1.151200860101994,19.41892,1.0788288888888888,0.5330974449178381,0.27753416353219545,TIDAK,,N/A — belum pre-portfolio,POSITIF — BELUM LOLOS v11 (sample gagal)
155,ATR_BREAKOUT f3/s8 p1=2.2 p2=55.0 p3=1.0 off=1.5 exp=6,ATR_BREAKOUT,D1,STOP,BOTH,12.5,25.0,17,52.94117647058823,1.2646652991962748,38.695840000000004,2.2762258823529415,0.6627313653786991,0.46597952619729616,TIDAK,,N/A — belum pre-portfolio,POSITIF — BELUM LOLOS v11 (sample gagal)
156,KELTNER_BREAKOUT f3/s5 p1=1.2 p2=55.0 p3=1.0 off=4.25 exp=5,KELTNER_BREAKOUT,D1,LIMIT,SHORT_ONLY,11.0,21.5,17,52.94117647058823,1.2464539911965995,31.630789999999994,1.8606347058823527,0.4641647498001427,0.43669704145004673,TIDAK,,N/A — belum pre-portfolio,POSITIF — BELUM LOLOS v11 (sample gagal)
157,KELTNER_BREAKOUT f3/s5 p1=1.2 p2=55.0 p3=1.0 off=3.75 exp=2,KELTNER_BREAKOUT,D1,LIMIT,SHORT_ONLY,8.0,23.5,17,41.1764705882353,1.0837038049547565,10.624569999999991,0.6249747058823525,0.6460356271679079,0.15528608587778356,TIDAK,,N/A — belum pre-portfolio,POSITIF — BELUM LOLOS v11 (sample gagal)
158,ZSCORE_REVERSION f26/s144 p1=1.3 p2=25.0 p3=1.0 off=4.0 exp=5,ZSCORE_REVERSION,D1,LIMIT,LONG_ONLY,16.5,25.0,16,56.25,1.3700539659425444,52.61374000000002,3.2883587500000013,0.8024234795176961,0.6100253531325931,TIDAK,,N/A — belum pre-portfolio,POSITIF — BELUM LOLOS v11 (sample gagal)
159,KELTNER_BREAKOUT f5/s7 p1=1.8 p2=55.0 p3=1.0 off=3.75 exp=8,KELTNER_BREAKOUT,D1,STOP,LONG_ONLY,22.0,25.0,16,62.5,1.122381043806348,21.88912,1.36807,0.7805621218703573,0.21344829950538521,TIDAK,,N/A — belum pre-portfolio,POSITIF — BELUM LOLOS v11 (sample gagal)
160,ZSCORE_REVERSION f21/s89 p1=2.7 p2=25.0 p3=1.0 off=2.0 exp=7,ZSCORE_REVERSION,D1,LIMIT,LONG_ONLY,8.0,11.5,16,56.25,1.0419378371268122,3.7493500000000495,0.2343343750000031,0.5693370628303264,0.07279745119000204,TIDAK,,N/A — belum pre-portfolio,POSITIF — BELUM LOLOS v11 (sample gagal)
161,BOLLINGER_REVERSION f3/s55 p1=3.0 p2=30.0 p3=1.0 off=1.0 exp=8,BOLLINGER_REVERSION,D1,LIMIT,LONG_ONLY,11.0,18.5,16,37.5,1.0015587670556239,0.25952000000037145,0.016220000000023216,1.3720753041214067,0.0023463433277850134,TIDAK,,N/A — belum pre-portfolio,POSITIF — BELUM LOLOS v11 (sample gagal)
162,BOLLINGER_REVERSION f3/s10 p1=2.6 p2=40.0 p3=1.0 off=1.5 exp=5,BOLLINGER_REVERSION,D1,LIMIT,LONG_ONLY,22.0,24.0,15,66.66666666666667,1.5172110766611948,68.06084,4.5373893333333335,0.408584536465486,0.7770925770698357,TIDAK,,N/A — belum pre-portfolio,POSITIF — BELUM LOLOS v11 (sample gagal)
163,BOLLINGER_REVERSION f26/s100 p1=2.2 p2=25.0 p3=1.0 off=1.25 exp=2,BOLLINGER_REVERSION,D1,LIMIT,LONG_ONLY,12.5,23.0,15,53.333333333333336,1.398532256198029,46.285600000000045,3.0857066666666695,0.5020038391528375,0.6255504494177045,TIDAK,,N/A — belum pre-portfolio,POSITIF — BELUM LOLOS v11 (sample gagal)
164,BOLLINGER_REVERSION f5/s10 p1=2.6 p2=30.0 p3=1.0 off=1.0 exp=2,BOLLINGER_REVERSION,D1,LIMIT,LONG_ONLY,16.5,23.0,15,60.0,1.3705803970114758,46.07684000000002,3.0717893333333346,0.4794366263540207,0.5905913806575698,TIDAK,,N/A — belum pre-portfolio,POSITIF — BELUM LOLOS v11 (sample gagal)
165,ZSCORE_REVERSION f26/s89 p1=2.7 p2=40.0 p3=1.0 off=3.5 exp=8,ZSCORE_REVERSION,D1,STOP,LONG_ONLY,13.0,17.5,15,60.0,1.0528435925085602,6.029529999999951,0.4019686666666634,0.9168143243614719,0.09457166465757737,TIDAK,,N/A — belum pre-portfolio,POSITIF — BELUM LOLOS v11 (sample gagal)
166,ATR_BREAKOUT f3/s8 p1=2.2 p2=55.0 p3=1.0 off=4.75 exp=8,ATR_BREAKOUT,D1,STOP,BOTH,16.5,25.0,15,53.333333333333336,1.020084930283935,3.2154699999999927,0.21436466666666618,0.8226220941040739,0.036916267834218044,TIDAK,,N/A — belum pre-portfolio,POSITIF — BELUM LOLOS v11 (sample gagal)
167,ATR_BREAKOUT f8/s10 p1=2.8 p2=55.0 p3=1.0 off=3.5 exp=6,ATR_BREAKOUT,D1,LIMIT,LONG_ONLY,24.0,25.0,13,76.92307692307692,2.113686764829868,97.22432000000035,7.478793846153873,0.5903344634540667,1.2791466608943356,TIDAK,,N/A — belum pre-portfolio,POSITIF — BELUM LOLOS v11 (sample gagal)
168,ZSCORE_REVERSION f26/s144 p1=2.1 p2=25.0 p3=1.0 off=4.25 exp=3,ZSCORE_REVERSION,D1,LIMIT,LONG_ONLY,22.0,22.0,13,61.53846153846154,1.1968877460953127,25.518290000000032,1.962945384615387,0.7788155089689462,0.3065082014404096,TIDAK,,N/A — belum pre-portfolio,POSITIF — BELUM LOLOS v11 (sample gagal)
169,ZSCORE_REVERSION f8/s10 p1=2.7 p2=25.0 p3=1.0 off=4.5 exp=5,ZSCORE_REVERSION,D1,LIMIT,BOTH,24.0,25.0,13,61.53846153846154,1.089482316461632,12.762239999999997,0.9817107692307689,0.5634751999999935,0.14555165889497784,TIDAK,,N/A — belum pre-portfolio,POSITIF — BELUM LOLOS v11 (sample gagal)
170,BOLLINGER_REVERSION f26/s100 p1=3.0 p2=40.0 p3=1.0 off=1.75 exp=7,BOLLINGER_REVERSION,D1,LIMIT,LONG_ONLY,11.5,24.0,13,46.15384615384615,1.108946233778645,12.403520000000036,0.9541169230769259,0.5517410432832293,0.17706325121075492,TIDAK,,N/A — belum pre-portfolio,POSITIF — BELUM LOLOS v11 (sample gagal)
171,KELTNER_BREAKOUT f5/s10 p1=2.2 p2=55.0 p3=1.0 off=0.5 exp=3,KELTNER_BREAKOUT,D1,LIMIT,LONG_ONLY,19.0,25.0,13,53.84615384615385,1.0017527604601646,0.24846000000034962,0.019112307692334587,0.6682571742347807,0.0029982990061304493,TIDAK,,N/A — belum pre-portfolio,POSITIF — BELUM LOLOS v11 (sample gagal)
172,ZSCORE_REVERSION f26/s34 p1=1.7 p2=25.0 p3=1.0 off=5.0 exp=5,ZSCORE_REVERSION,D1,LIMIT,LONG_ONLY,15.0,19.0,12,75.0,2.3023827203634135,76.33088,6.360906666666666,0.2313728000000083,1.409569907325134,TIDAK,,N/A — belum pre-portfolio,POSITIF — BELUM LOLOS v11 (sample gagal)
173,ZSCORE_REVERSION f21/s89 p1=2.7 p2=25.0 p3=1.0 off=2.5 exp=2,ZSCORE_REVERSION,D1,LIMIT,LONG_ONLY,15.0,24.5,12,58.333333333333336,1.519856629839612,51.465640000000036,4.288803333333337,0.41538224009207136,0.6965066340038125,TIDAK,,N/A — belum pre-portfolio,POSITIF — BELUM LOLOS v11 (sample gagal)
174,ATR_BREAKOUT f3/s5 p1=1.5 p2=55.0 p3=1.0 off=1.75 exp=4,ATR_BREAKOUT,D1,LIMIT,SHORT_ONLY,8.0,25.0,12,41.666666666666664,1.1206939282928854,10.942469999999993,0.9118724999999994,0.44939770000000867,0.18183717355306153,TIDAK,,N/A — belum pre-portfolio,POSITIF — BELUM LOLOS v11 (sample gagal)
175,BOLLINGER_REVERSION f26/s89 p1=2.2 p2=25.0 p3=1.0 off=2.0 exp=4,BOLLINGER_REVERSION,D1,STOP,LONG_ONLY,17.5,19.5,12,58.333333333333336,1.0573567481822634,6.2249600000000385,0.5187466666666699,0.5441408000000046,0.0913273038506857,TIDAK,,N/A — belum pre-portfolio,POSITIF — BELUM LOLOS v11 (sample gagal)
176,BOLLINGER_REVERSION f26/s34 p1=1.8 p2=25.0 p3=1.0 off=2.0 exp=8,BOLLINGER_REVERSION,D1,LIMIT,LONG_ONLY,20.0,22.5,11,72.72727272727273,2.177792480073671,84.31072000000003,7.664610909090912,0.2964096000000063,1.2495203011141924,TIDAK,,N/A — belum pre-portfolio,POSITIF — BELUM LOLOS v11 (sample gagal)
177,ZSCORE_REVERSION f26/s100 p1=2.1 p2=25.0 p3=1.0 off=4.25 exp=1,ZSCORE_REVERSION,D1,LIMIT,LONG_ONLY,21.0,25.0,11,63.63636363636363,1.5470967981263593,54.56831000000005,4.960755454545459,0.49368643872171003,0.6917073006538849,TIDAK,,N/A — belum pre-portfolio,POSITIF — BELUM LOLOS v11 (sample gagal)
178,BOLLINGER_REVERSION f26/s144 p1=3.0 p2=35.0 p3=1.0 off=4.0 exp=2,BOLLINGER_REVERSION,D1,STOP,LONG_ONLY,14.5,24.5,11,54.54545454545455,1.2135975873255955,21.511020000000034,1.9555472727272758,0.6190800553834614,0.30541615852134535,TIDAK,,N/A — belum pre-portfolio,POSITIF — BELUM LOLOS v11 (sample gagal)
179,BOLLINGER_REVERSION f26/s89 p1=3.0 p2=30.0 p3=1.0 off=0.75 exp=7,BOLLINGER_REVERSION,D1,STOP,LONG_ONLY,15.5,24.0,11,54.54545454545455,1.1726486019786084,17.068979999999996,1.5517254545454542,0.606561528806469,0.2517727765481304,TIDAK,,N/A — belum pre-portfolio,POSITIF — BELUM LOLOS v11 (sample gagal)
180,ZSCORE_REVERSION f34/s50 p1=1.0 p2=25.0 p3=1.0 off=3.5 exp=7,ZSCORE_REVERSION,D1,LIMIT,LONG_ONLY,8.0,8.0,11,81.81818181818181,1.6307482883174298,14.97568,1.3614254545454545,0.11878399999999602,0.689827357368238,TIDAK,,N/A — belum pre-portfolio,POSITIF — BELUM LOLOS v11 (sample gagal)
181,ZSCORE_REVERSION f26/s55 p1=2.1 p2=25.0 p3=1.0 off=0.75 exp=8,ZSCORE_REVERSION,D1,LIMIT,LONG_ONLY,22.0,22.0,10,80.0,2.865436844396217,97.36864000000004,9.736864000000004,0.34133760000000624,1.6214179673649605,TIDAK,,N/A — belum pre-portfolio,POSITIF — BELUM LOLOS v11 (sample gagal)
182,KELTNER_BREAKOUT f13/s14 p1=2.8 p2=55.0 p3=1.0 off=0.75 exp=5,KELTNER_BREAKOUT,D1,LIMIT,SHORT_ONLY,20.0,25.0,10,60.0,1.353724534754935,33.253119999999996,3.3253119999999994,0.2622245503019376,0.4551852807863417,TIDAK,,N/A — belum pre-portfolio,POSITIF — BELUM LOLOS v11 (sample gagal)
183,ZSCORE_REVERSION f34/s144 p1=1.7 p2=25.0 p3=1.0 off=3.75 exp=8,ZSCORE_REVERSION,D1,LIMIT,LONG_ONLY,6.0,12.5,10,70.0,2.092023015208406,32.34048,3.234048,0.12418400000000474,1.1305772002267493,TIDAK,,N/A — belum pre-portfolio,POSITIF — BELUM LOLOS v11 (sample gagal)
184,ZSCORE_REVERSION f34/s50 p1=0.7 p2=25.0 p3=1.0 off=4.75 exp=7,ZSCORE_REVERSION,D1,LIMIT,LONG_ONLY,8.0,10.0,10,80.0,2.111768750589853,26.387520000000002,2.638752,0.11874400000000607,1.0911164312537072,TIDAK,,N/A — belum pre-portfolio,POSITIF — BELUM LOLOS v11 (sample gagal)
185,BOLLINGER_REVERSION f34/s55 p1=1.2 p2=25.0 p3=1.0 off=0.75 exp=5,BOLLINGER_REVERSION,D1,LIMIT,LONG_ONLY,10.0,13.0,10,70.0,1.5700776569950856,23.737759999999998,2.373776,0.32530399999999643,0.6692131249974379,TIDAK,,N/A — belum pre-portfolio,POSITIF — BELUM LOLOS v11 (sample gagal)
186,BOLLINGER_REVERSION f8/s144 p1=3.0 p2=30.0 p3=1.0 off=0.5 exp=5,BOLLINGER_REVERSION,D1,LIMIT,LONG_ONLY,10.0,21.5,10,50.0,1.316613383481325,22.338290000000043,2.2338290000000045,0.26613583361179133,0.40662322615806357,TIDAK,,N/A — belum pre-portfolio,POSITIF — BELUM LOLOS v11 (sample gagal)
187,ATR_BREAKOUT f3/s5 p1=1.5 p2=55.0 p3=1.0 off=4.0 exp=6,ATR_BREAKOUT,D1,LIMIT,SHORT_ONLY,5.0,13.0,10,60.0,1.2624076987732533,12.08822,1.208822,0.27659037989334445,0.33934713021531676,TIDAK,,N/A — belum pre-portfolio,POSITIF — BELUM LOLOS v11 (sample gagal)
188,BOLLINGER_REVERSION f14/s100 p1=3.0 p2=30.0 p3=1.0 off=5.0 exp=2,BOLLINGER_REVERSION,D1,STOP,LONG_ONLY,24.5,24.5,10,60.0,1.0586252141221026,6.668579999999995,0.6668579999999995,0.9185366000000068,0.08411384538643212,TIDAK,,N/A — belum pre-portfolio,POSITIF — BELUM LOLOS v11 (sample gagal)
189,BOLLINGER_REVERSION f50/s144 p1=1.8 p2=30.0 p3=1.0 off=3.5 exp=2,BOLLINGER_REVERSION,D1,LIMIT,LONG_ONLY,7.5,22.5,10,40.0,1.06955566315319,4.78079999999999,0.47807999999999906,0.448782932180349,0.09810872193280734,TIDAK,,N/A — belum pre-portfolio,POSITIF — BELUM LOLOS v11 (sample gagal)
190,BOLLINGER_REVERSION f5/s144 p1=3.0 p2=35.0 p3=1.0 off=1.25 exp=5,BOLLINGER_REVERSION,D1,LIMIT,LONG_ONLY,10.5,14.5,10,60.0,1.0285204198370919,1.6802600000000005,0.16802600000000006,0.3242025903562251,0.04125825060443148,TIDAK,,N/A — belum pre-portfolio,POSITIF — BELUM LOLOS v11 (sample gagal)
191,BOLLINGER_REVERSION f26/s55 p1=2.2 p2=25.0 p3=1.0 off=4.5 exp=8,BOLLINGER_REVERSION,D1,LIMIT,LONG_ONLY,5.5,24.0,10,30.0,1.0068909510557267,0.4643200000000469,0.04643200000000469,0.38034560000000056,0.009337354877733949,TIDAK,,N/A — belum pre-portfolio,POSITIF — BELUM LOLOS v11 (sample gagal)
192,BOLLINGER_REVERSION f34/s89 p1=1.5 p2=25.0 p3=1.0 off=5.0 exp=4,BOLLINGER_REVERSION,D1,LIMIT,LONG_ONLY,8.5,9.5,9,88.88888888888889,3.7107532171616473,33.501439999999995,3.7223822222222216,0.12324168552606181,1.8507964911133197,TIDAK,,N/A — belum pre-portfolio,POSITIF — BELUM LOLOS v11 (sample gagal)
193,BOLLINGER_REVERSION f34/s89 p1=1.2 p2=25.0 p3=1.0 off=2.75 exp=5,BOLLINGER_REVERSION,D1,LIMIT,LONG_ONLY,6.0,21.0,9,44.44444444444444,1.4144558998672732,20.4344,2.270488888888889,0.49304159999999686,0.4734707476655616,TIDAK,,N/A — belum pre-portfolio,POSITIF — BELUM LOLOS v11 (sample gagal)
194,BOLLINGER_REVERSION f34/s144 p1=3.0 p2=40.0 p3=1.0 off=1.0 exp=4,BOLLINGER_REVERSION,D1,LIMIT,LONG_ONLY,11.0,15.5,9,66.66666666666667,1.399651170808164,19.011629999999997,2.112403333333333,0.19592280914965454,0.4688458178270579,TIDAK,,N/A — belum pre-portfolio,POSITIF — BELUM LOLOS v11 (sample gagal)
195,BOLLINGER_REVERSION f34/s55 p1=1.5 p2=25.0 p3=1.0 off=0.5 exp=1,BOLLINGER_REVERSION,D1,STOP,LONG_ONLY,9.5,23.5,9,44.44444444444444,1.1921434385024177,12.842560000000006,1.4269511111111117,0.6683840000000054,0.24399978931323887,TIDAK,,N/A — belum pre-portfolio,POSITIF — BELUM LOLOS v11 (sample gagal)
196,ATR_BREAKOUT f3/s5 p1=1.5 p2=55.0 p3=1.0 off=5.0 exp=7,ATR_BREAKOUT,D1,LIMIT,SHORT_ONLY,8.0,16.5,9,55.55555555555556,1.1055494719541004,6.134129999999999,0.6815699999999999,0.45495871250659314,0.1392695475169327,TIDAK,,N/A — belum pre-portfolio,POSITIF — BELUM LOLOS v11 (sample gagal)
197,BOLLINGER_REVERSION f10/s144 p1=3.0 p2=30.0 p3=1.0 off=4.25 exp=7,BOLLINGER_REVERSION,D1,LIMIT,LONG_ONLY,8.0,21.0,9,44.44444444444444,1.100563373536554,6.089599999999999,0.6766222222222221,0.27402442944449584,0.13342120807392716,TIDAK,,N/A — belum pre-portfolio,POSITIF — BELUM LOLOS v11 (sample gagal)
198,BOLLINGER_REVERSION f20/s100 p1=3.0 p2=30.0 p3=1.0 off=4.0 exp=7,BOLLINGER_REVERSION,D1,STOP,LONG_ONLY,15.5,15.5,9,66.66666666666667,1.0489829321073838,3.1435600000000044,0.34928444444444495,0.6401173629357048,0.06390712539650582,TIDAK,,N/A — belum pre-portfolio,POSITIF — BELUM LOLOS v11 (sample gagal)
199,BOLLINGER_REVERSION f34/s89 p1=1.2 p2=25.0 p3=1.0 off=3.0 exp=4,BOLLINGER_REVERSION,D1,LIMIT,LONG_ONLY,8.5,22.5,8,62.5,2.542793103448276,57.26847999999999,7.158559999999999,0.37120000000000797,1.2518165344676047,TIDAK,,N/A — belum pre-portfolio,POSITIF — BELUM LOLOS v11 (sample gagal)
200,ZSCORE_REVERSION f34/s55 p1=0.7 p2=25.0 p3=1.0 off=0.5 exp=7,ZSCORE_REVERSION,D1,LIMIT,LONG_ONLY,10.5,23.5,8,62.5,2.3037154666409423,56.2208,7.0276,0.4312351999999919,1.121533365947073,TIDAK,,N/A — belum pre-portfolio,POSITIF — BELUM LOLOS v11 (sample gagal)
