1,DONCHIAN f3/s89 p1=66.0 p2=55.0 p3=1.0 off=3.0 exp=4,DONCHIAN,D1,LIMIT,BOTH,23.0,23.5,127,67.71653543307086,1.3723312848167895,436.9294000000002,3.4403889763779545,1.9275456140166267,1.7267246203918702,TIDAK,,N/A — belum pre-portfolio,POSITIF — BELUM LOLOS v11 (sample gagal)
2,CANDLE_ENGULFING f34/s144 p1=66.0 p2=58.0 p3=1.0 off=2.75 exp=8,CANDLE_ENGULFING,D1,LIMIT,LONG_ONLY,23.5,23.5,148,65.54054054054055,1.2641504115793931,382.7357900000003,2.586052635135137,1.7762766369629541,1.3824758652323001,TIDAK,,N/A — belum pre-portfolio,POSITIF — BELUM LOLOS v11 (sample gagal)
3,DONCHIAN f3/s100 p1=55.0 p2=58.0 p3=1.0 off=1.0 exp=7,DONCHIAN,D1,LIMIT,BOTH,22.0,23.0,126,65.07936507936508,1.2249578259285978,275.72409,2.1882864285714283,2.5267209334155307,1.0999765389846416,TIDAK,,N/A — belum pre-portfolio,POSITIF — BELUM LOLOS v11 (sample gagal)
4,BOLLINGER_REVERSION f26/s34 p1=1.8 p2=30.0 p3=1.0 off=2.75 exp=6,BOLLINGER_REVERSION,D1,LIMIT,LONG_ONLY,16.5,21.0,33,72.72727272727273,2.2846830881386273,242.34159000000022,7.343684545454552,0.7157563234566259,2.375579827717532,TIDAK,,N/A — belum pre-portfolio,POSITIF — BELUM LOLOS v11 (sample gagal)
5,ZSCORE_REVERSION f21/s100 p1=0.7 p2=25.0 p3=1.0 off=2.75 exp=8,ZSCORE_REVERSION,D1,LIMIT,LONG_ONLY,25.0,25.0,36,63.888888888888886,1.4499451273480364,174.15159000000037,4.837544166666677,0.5801155649702391,1.0157332391527414,TIDAK,,N/A — belum pre-portfolio,POSITIF — BELUM LOLOS v11 (sample gagal)
6,ZSCORE_REVERSION f26/s50 p1=1.3 p2=25.0 p3=1.0 off=0.75 exp=3,ZSCORE_REVERSION,D1,LIMIT,LONG_ONLY,21.5,24.5,21,71.42857142857143,2.1409792366206584,173.4885400000001,8.261359047619052,0.5576262237175726,1.7288456862400825,TIDAK,,N/A — belum pre-portfolio,POSITIF — BELUM LOLOS v11 (sample gagal)
7,ZSCORE_REVERSION f26/s34 p1=0.7 p2=30.0 p3=1.0 off=0.75 exp=6,ZSCORE_REVERSION,D1,LIMIT,LONG_ONLY,17.0,24.0,61,57.377049180327866,1.3095642610727984,167.91519000000025,2.7527080327868894,1.2838566626380519,1.045279171934114,TIDAK,,N/A — belum pre-portfolio,POSITIF — BELUM LOLOS v11 (sample gagal)
8,CANDLE_ENGULFING f14/s144 p1=58.0 p2=62.0 p3=1.0 off=5.0 exp=5,CANDLE_ENGULFING,D1,LIMIT,LONG_ONLY,20.5,22.5,136,61.76470588235294,1.1168512094971794,156.7545000000004,1.1526066176470617,1.7010775957311344,0.6250547923989819,TIDAK,,N/A — belum pre-portfolio,POSITIF — BELUM LOLOS v11 (sample gagal)
9,CANDLE_ENGULFING f10/s100 p1=66.0 p2=52.0 p3=1.0 off=2.0 exp=7,CANDLE_ENGULFING,D1,LIMIT,LONG_ONLY,21.0,21.5,153,62.745098039215684,1.1009848313409325,150.41093000000023,0.9830779738562107,2.9091694847709983,0.5736369914250632,TIDAK,,N/A — belum pre-portfolio,POSITIF — BELUM LOLOS v11 (sample gagal)
10,ZSCORE_REVERSION f26/s34 p1=2.1 p2=30.0 p3=1.0 off=2.75 exp=5,ZSCORE_REVERSION,D1,LIMIT,LONG_ONLY,16.5,17.5,22,77.27272727272727,2.440020111841462,150.30400000000023,6.8320000000000105,0.3557615620648942,2.022664041539677,TIDAK,,N/A — belum pre-portfolio,POSITIF — BELUM LOLOS v11 (sample gagal)
11,PRICE_STRUCTURE f55/s100 p1=58.0 p2=52.0 p3=1.0 off=4.0 exp=7,PRICE_STRUCTURE,D1,LIMIT,SHORT_ONLY,20.5,24.0,32,65.625,1.5104242188164818,143.35401999999985,4.479813124999995,0.5868883384660953,1.1403165832841315,TIDAK,,N/A — belum pre-portfolio,POSITIF — BELUM LOLOS v11 (sample gagal)
12,CANDLE_ENGULFING f8/s144 p1=52.0 p2=62.0 p3=1.0 off=0.75 exp=3,CANDLE_ENGULFING,D1,LIMIT,LONG_ONLY,25.0,25.0,144,61.80555555555556,1.083074427792093,139.2822550000001,0.9672378819444452,4.172712491009829,0.4646812297034968,TIDAK,,N/A — belum pre-portfolio,POSITIF — BELUM LOLOS v11 (sample gagal)
13,TREND_EMA f55/s144 p1=66.0 p2=52.0 p3=1.0 off=3.25 exp=7,TREND_EMA,D1,LIMIT,BOTH,24.5,25.0,144,61.111111111111114,1.0766836312153212,130.90611000000055,0.9090702083333372,3.135391468719389,0.4024025600905143,TIDAK,,N/A — belum pre-portfolio,POSITIF — BELUM LOLOS v11 (sample gagal)
14,DONCHIAN f5/s100 p1=52.0 p2=66.0 p3=1.0 off=4.75 exp=7,DONCHIAN,D1,LIMIT,SHORT_ONLY,24.0,24.5,35,65.71428571428571,1.3800693226519745,130.53554999999983,3.729587142857138,0.8340105743017545,0.9249541572742304,TIDAK,,N/A — belum pre-portfolio,POSITIF — BELUM LOLOS v11 (sample gagal)
15,DONCHIAN f3/s144 p1=52.0 p2=66.0 p3=1.0 off=1.0 exp=2,DONCHIAN,D1,LIMIT,LONG_ONLY,16.5,21.0,75,62.666666666666664,1.2052969497060515,127.56724000000023,1.7008965333333363,1.6135660514403447,0.7760837277590422,TIDAK,,N/A — belum pre-portfolio,POSITIF — BELUM LOLOS v11 (sample gagal)
16,BOLLINGER_REVERSION f26/s144 p1=1.2 p2=25.0 p3=1.0 off=2.5 exp=7,BOLLINGER_REVERSION,D1,LIMIT,LONG_ONLY,20.0,25.0,18,66.66666666666667,1.8756644027757279,125.26008000000007,6.958893333333338,0.5090095473733073,1.3098539474987245,TIDAK,,N/A — belum pre-portfolio,POSITIF — BELUM LOLOS v11 (sample gagal)
17,BOLLINGER_REVERSION f26/s34 p1=1.2 p2=30.0 p3=1.0 off=3.75 exp=5,BOLLINGER_REVERSION,D1,LIMIT,LONG_ONLY,9.5,20.5,66,50.0,1.2779790137976448,124.97914500000017,1.8936234090909116,1.4557890121790718,0.9754516945822882,TIDAK,,N/A — belum pre-portfolio,POSITIF — BELUM LOLOS v11 (sample gagal)
18,BOLLINGER_REVERSION f26/s34 p1=2.2 p2=30.0 p3=1.0 off=1.5 exp=7,BOLLINGER_REVERSION,D1,LIMIT,LONG_ONLY,17.0,17.5,23,73.91304347826087,1.9790053676298769,124.66764000000023,5.420332173913054,0.5722912641209463,1.5719488730237594,TIDAK,,N/A — belum pre-portfolio,POSITIF — BELUM LOLOS v11 (sample gagal)
19,TREND_EMA f89/s100 p1=66.0 p2=52.0 p3=1.0 off=4.5 exp=8,TREND_EMA,D1,LIMIT,LONG_ONLY,8.0,19.0,34,47.05882352941177,1.4629745236874667,123.58265999999998,3.634784117647058,0.8856946876636682,0.7204632334754903,TIDAK,,N/A — belum pre-portfolio,POSITIF — BELUM LOLOS v11 (sample gagal)
20,TREND_EMA f89/s100 p1=66.0 p2=55.0 p3=1.0 off=3.25 exp=6,TREND_EMA,D1,LIMIT,LONG_ONLY,8.0,14.5,36,50.0,1.4469790843320023,119.23585000000017,3.3121069444444493,0.8862270996140709,0.6899319605595505,TIDAK,,N/A — belum pre-portfolio,POSITIF — BELUM LOLOS v11 (sample gagal)
21,ZSCORE_REVERSION f26/s144 p1=1.0 p2=25.0 p3=1.0 off=5.0 exp=3,ZSCORE_REVERSION,D1,LIMIT,LONG_ONLY,23.5,24.0,15,73.33333333333333,2.0836770172753125,118.93572000000003,7.9290480000000025,0.3504323423979203,1.3840750379804179,TIDAK,,N/A — belum pre-portfolio,POSITIF — BELUM LOLOS v11 (sample gagal)
22,ZSCORE_REVERSION f26/s100 p1=1.0 p2=25.0 p3=1.0 off=2.0 exp=5,ZSCORE_REVERSION,D1,STOP,LONG_ONLY,23.0,25.0,21,66.66666666666667,1.6139826049119121,116.4948000000001,5.5473714285714335,0.6029547435770889,1.0730765847566819,TIDAK,,N/A — belum pre-portfolio,POSITIF — BELUM LOLOS v11 (sample gagal)
23,PRICE_STRUCTURE f55/s144 p1=66.0 p2=66.0 p3=1.0 off=2.5 exp=4,PRICE_STRUCTURE,D1,LIMIT,BOTH,25.0,25.0,145,61.37931034482759,1.0636983474848734,112.27844000000056,0.774334068965521,3.690683227171194,0.33764445251934927,TIDAK,,N/A — belum pre-portfolio,POSITIF — BELUM LOLOS v11 (sample gagal)
24,ZSCORE_REVERSION f26/s34 p1=1.0 p2=25.0 p3=1.0 off=1.5 exp=8,ZSCORE_REVERSION,D1,STOP,LONG_ONLY,19.5,24.5,22,63.63636363636363,1.5956735283779477,112.25501000000008,5.102500454545458,0.5226611767174744,1.0773389959649313,TIDAK,,N/A — belum pre-portfolio,POSITIF — BELUM LOLOS v11 (sample gagal)
25,CANDLE_ENGULFING f50/s100 p1=55.0 p2=66.0 p3=1.0 off=3.0 exp=4,CANDLE_ENGULFING,D1,LIMIT,BOTH,19.0,24.0,205,56.58536585365854,1.0517274260376475,110.22751000000022,0.5376951707317084,3.9564912140730444,0.3553507639258703,TIDAK,,N/A — belum pre-portfolio,POSITIF — BELUM LOLOS v11 (sample gagal)
26,CANDLE_ENGULFING f50/s89 p1=52.0 p2=52.0 p3=1.0 off=0.5 exp=4,CANDLE_ENGULFING,D1,LIMIT,BOTH,22.0,25.0,207,57.971014492753625,1.0465443678526596,109.52766000000014,0.5291191304347833,4.970061992512282,0.3209772841920417,TIDAK,,N/A — belum pre-portfolio,POSITIF — BELUM LOLOS v11 (sample gagal)
27,ATR_BREAKOUT f5/s8 p1=2.2 p2=55.0 p3=1.0 off=2.5 exp=3,ATR_BREAKOUT,D1,LIMIT,LONG_ONLY,23.5,23.5,21,71.42857142857143,1.6053834826733588,108.50675000000031,5.16698809523811,0.5216175542665605,1.0357306501199275,TIDAK,,N/A — belum pre-portfolio,POSITIF — BELUM LOLOS v11 (sample gagal)
28,KELTNER_BREAKOUT f21/s26 p1=1.8 p2=55.0 p3=1.0 off=5.0 exp=6,KELTNER_BREAKOUT,D1,LIMIT,LONG_ONLY,25.0,25.0,289,61.5916955017301,1.0301125430705393,107.16439000000082,0.3708110380622866,6.951738610891835,0.23311598231525876,TIDAK,,N/A — belum pre-portfolio,POSITIF — BELUM LOLOS v11 (sample gagal)
29,MOMENTUM_RSI_ROC f89/s100 p1=0.3 p2=66.0 p3=1.0 off=2.75 exp=7,MOMENTUM_RSI_ROC,D1,LIMIT,BOTH,11.0,25.0,37,45.945945945945944,1.3031643239416324,106.88130999999998,2.8886840540540537,1.0798619378044831,0.5958827863881554,TIDAK,,N/A — belum pre-portfolio,POSITIF — BELUM LOLOS v11 (sample gagal)
30,DONCHIAN f50/s100 p1=58.0 p2=66.0 p3=1.0 off=4.75 exp=6,DONCHIAN,D1,LIMIT,SHORT_ONLY,23.0,25.0,35,62.857142857142854,1.2930253644951615,105.4943499999999,3.0141242857142827,0.8034713798470375,0.7403042494433026,TIDAK,,N/A — belum pre-portfolio,POSITIF — BELUM LOLOS v11 (sample gagal)
31,DONCHIAN f20/s100 p1=52.0 p2=62.0 p3=1.0 off=5.0 exp=6,DONCHIAN,D1,LIMIT,BOTH,15.0,23.5,171,52.63157894736842,1.0609863339939523,104.27882000000054,0.6098176608187166,2.7204967256832266,0.34901509819271953,TIDAK,,N/A — belum pre-portfolio,POSITIF — BELUM LOLOS v11 (sample gagal)
32,ATR_BREAKOUT f3/s13 p1=2.2 p2=55.0 p3=1.0 off=4.75 exp=4,ATR_BREAKOUT,D1,LIMIT,LONG_ONLY,23.0,23.5,108,62.96296296296296,1.0886081296582735,102.82343000000081,0.9520687962963038,1.9863135215569625,0.42248178674845466,TIDAK,,N/A — belum pre-portfolio,POSITIF — BELUM LOLOS v11 (sample gagal)
33,PRICE_STRUCTURE f3/s100 p1=55.0 p2=55.0 p3=1.0 off=5.0 exp=5,PRICE_STRUCTURE,D1,LIMIT,BOTH,22.0,24.5,168,58.333333333333336,1.0515820179198851,102.05729000000073,0.6074838690476234,3.1244459496145107,0.29745041111901105,TIDAK,,N/A — belum pre-portfolio,POSITIF — BELUM LOLOS v11 (sample gagal)
34,ZSCORE_REVERSION f26/s55 p1=1.3 p2=30.0 p3=1.0 off=2.5 exp=7,ZSCORE_REVERSION,D1,LIMIT,LONG_ONLY,17.0,17.0,60,65.0,1.2318420499164664,101.3494600000003,1.6891576666666717,1.045253202473642,0.7769281924737192,TIDAK,,N/A — belum pre-portfolio,POSITIF — BELUM LOLOS v11 (sample gagal)
35,PRICE_STRUCTURE f20/s89 p1=52.0 p2=66.0 p3=1.0 off=4.0 exp=5,PRICE_STRUCTURE,D1,LIMIT,BOTH,17.5,17.5,198,63.13131313131313,1.057484850811664,99.51028000000073,0.5025771717171754,3.0029705864019487,0.3362467815062306,TIDAK,,N/A — belum pre-portfolio,POSITIF — BELUM LOLOS v11 (sample gagal)
36,PRICE_STRUCTURE f14/s100 p1=52.0 p2=66.0 p3=1.0 off=2.5 exp=4,PRICE_STRUCTURE,D1,LIMIT,SHORT_ONLY,21.0,25.0,36,61.111111111111114,1.2758976492257357,98.8745,2.746513888888889,0.7884499287219867,0.716430125047203,TIDAK,,N/A — belum pre-portfolio,POSITIF — BELUM LOLOS v11 (sample gagal)
37,ZSCORE_REVERSION f26/s55 p1=1.0 p2=30.0 p3=1.0 off=1.5 exp=7,ZSCORE_REVERSION,D1,LIMIT,LONG_ONLY,13.5,16.5,77,61.03896103896104,1.1894158578760912,98.34864000000024,1.277255064935068,1.1954041315550525,0.7420537767209875,TIDAK,,N/A — belum pre-portfolio,POSITIF — BELUM LOLOS v11 (sample gagal)
38,ZSCORE_REVERSION f26/s55 p1=2.1 p2=25.0 p3=1.0 off=0.75 exp=8,ZSCORE_REVERSION,D1,LIMIT,LONG_ONLY,22.0,22.0,10,80.0,2.865436844396217,97.36864000000004,9.736864000000004,0.34133760000000624,1.6214179673649605,TIDAK,,N/A — belum pre-portfolio,POSITIF — BELUM LOLOS v11 (sample gagal)
39,ATR_BREAKOUT f8/s10 p1=2.8 p2=55.0 p3=1.0 off=3.5 exp=6,ATR_BREAKOUT,D1,LIMIT,LONG_ONLY,24.0,25.0,13,76.92307692307692,2.113686764829868,97.22432000000035,7.478793846153873,0.5903344634540667,1.2791466608943356,TIDAK,,N/A — belum pre-portfolio,POSITIF — BELUM LOLOS v11 (sample gagal)
40,ZSCORE_REVERSION f26/s89 p1=1.0 p2=25.0 p3=1.0 off=1.75 exp=5,ZSCORE_REVERSION,D1,STOP,LONG_ONLY,17.0,25.0,24,58.333333333333336,1.4620039900494781,96.90153000000008,4.037563750000003,0.8391082634696388,0.9146576619909558,TIDAK,,N/A — belum pre-portfolio,POSITIF — BELUM LOLOS v11 (sample gagal)
41,DONCHIAN f34/s144 p1=52.0 p2=66.0 p3=1.0 off=3.25 exp=7,DONCHIAN,D1,LIMIT,SHORT_ONLY,25.0,25.0,24,66.66666666666667,1.3985581581360602,95.54226999999999,3.980927916666666,0.6239677548060151,0.7927409239707995,TIDAK,,N/A — belum pre-portfolio,POSITIF — BELUM LOLOS v11 (sample gagal)
42,PRICE_STRUCTURE f26/s100 p1=55.0 p2=66.0 p3=1.0 off=1.25 exp=6,PRICE_STRUCTURE,D1,LIMIT,LONG_ONLY,22.0,24.5,153,59.47712418300654,1.0526771978562206,94.0005200000007,0.6143824836601354,3.8117212451100952,0.2880393913925061,TIDAK,,N/A — belum pre-portfolio,POSITIF — BELUM LOLOS v11 (sample gagal)
43,ZSCORE_REVERSION f26/s89 p1=1.3 p2=25.0 p3=1.0 off=4.25 exp=5,ZSCORE_REVERSION,D1,STOP,LONG_ONLY,22.0,25.0,22,63.63636363636363,1.4497935714866768,93.77685000000005,4.262584090909093,0.6123542728410085,0.8513907459276291,TIDAK,,N/A — belum pre-portfolio,POSITIF — BELUM LOLOS v11 (sample gagal)
44,CANDLE_ENGULFING f26/s144 p1=55.0 p2=52.0 p3=1.0 off=4.0 exp=2,CANDLE_ENGULFING,D1,LIMIT,LONG_ONLY,19.5,21.5,132,61.36363636363637,1.0710272483434757,89.35440000000034,0.6769272727272753,1.6743187175001388,0.3812020585892777,TIDAK,,N/A — belum pre-portfolio,POSITIF — BELUM LOLOS v11 (sample gagal)
45,DONCHIAN f26/s144 p1=66.0 p2=66.0 p3=1.0 off=1.0 exp=4,DONCHIAN,D1,LIMIT,BOTH,25.0,25.0,158,61.392405063291136,1.0462238164424331,88.9632400000007,0.5630584810126626,3.830949955754824,0.25901557440832723,TIDAK,,N/A — belum pre-portfolio,POSITIF — BELUM LOLOS v11 (sample gagal)
46,PRICE_STRUCTURE f10/s89 p1=66.0 p2=66.0 p3=1.0 off=0.75 exp=8,PRICE_STRUCTURE,D1,LIMIT,LONG_ONLY,15.0,23.5,166,53.01204819277108,1.0526838400394047,87.59605000000045,0.5276870481927738,4.109604582075123,0.29757173877064735,TIDAK,,N/A — belum pre-portfolio,POSITIF — BELUM LOLOS v11 (sample gagal)
47,BOLLINGER_REVERSION f26/s34 p1=1.8 p2=25.0 p3=1.0 off=2.0 exp=8,BOLLINGER_REVERSION,D1,LIMIT,LONG_ONLY,20.0,22.5,11,72.72727272727273,2.177792480073671,84.31072000000003,7.664610909090912,0.2964096000000063,1.2495203011141924,TIDAK,,N/A — belum pre-portfolio,POSITIF — BELUM LOLOS v11 (sample gagal)
48,CANDLE_ENGULFING f21/s100 p1=52.0 p2=52.0 p3=1.0 off=4.75 exp=5,CANDLE_ENGULFING,D1,LIMIT,LONG_ONLY,23.5,24.5,129,60.46511627906977,1.0578829887253558,84.25380000000035,0.6531302325581423,2.267172530937096,0.31058428500616453,TIDAK,,N/A — belum pre-portfolio,POSITIF — BELUM LOLOS v11 (sample gagal)
49,ZSCORE_REVERSION f21/s34 p1=0.7 p2=25.0 p3=1.0 off=0.75 exp=3,ZSCORE_REVERSION,D1,STOP,LONG_ONLY,22.0,23.0,48,62.5,1.171527223722987,83.23975000000013,1.734161458333336,0.9821655665046409,0.530312722273991,TIDAK,,N/A — belum pre-portfolio,POSITIF — BELUM LOLOS v11 (sample gagal)
50,TREND_EMA f89/s100 p1=66.0 p2=52.0 p3=1.0 off=4.25 exp=4,TREND_EMA,D1,LIMIT,BOTH,8.5,10.5,43,53.48837209302326,1.2782489139116322,82.03576000000011,1.907808372093026,1.1594304007939271,0.47069857914501423,TIDAK,,N/A — belum pre-portfolio,POSITIF — BELUM LOLOS v11 (sample gagal)
51,BOLLINGER_REVERSION f34/s144 p1=1.2 p2=25.0 p3=1.0 off=0.5 exp=7,BOLLINGER_REVERSION,D1,LIMIT,LONG_ONLY,16.0,24.0,6,83.33333333333333,5.1253925563267995,81.97056,13.661760000000001,0.1986975999999959,2.03706300867139,TIDAK,,N/A — belum pre-portfolio,POSITIF — BELUM LOLOS v11 (sample gagal)
52,BOLLINGER_REVERSION f34/s100 p1=1.5 p2=25.0 p3=1.0 off=3.25 exp=4,BOLLINGER_REVERSION,D1,STOP,LONG_ONLY,21.5,25.0,6,83.33333333333333,4.207061122844624,81.39008,13.565013333333333,0.253783999999996,1.7415749223568155,TIDAK,,N/A — belum pre-portfolio,POSITIF — BELUM LOLOS v11 (sample gagal)
53,CANDLE_ENGULFING f50/s55 p1=58.0 p2=52.0 p3=1.0 off=0.5 exp=1,CANDLE_ENGULFING,D1,LIMIT,LONG_ONLY,24.5,25.0,139,60.431654676258994,1.0490926473905804,80.14961000000017,0.5766158992805768,4.743143355180438,0.2748311894588882,TIDAK,,N/A — belum pre-portfolio,POSITIF — BELUM LOLOS v11 (sample gagal)
54,DONCHIAN f5/s100 p1=66.0 p2=66.0 p3=1.0 off=1.25 exp=2,DONCHIAN,D1,LIMIT,BOTH,23.0,24.0,169,60.35502958579882,1.0406157788333525,79.86851000000024,0.4725947337278121,4.183558523931544,0.23618101183118256,TIDAK,,N/A — belum pre-portfolio,POSITIF — BELUM LOLOS v11 (sample gagal)
55,PRICE_STRUCTURE f13/s89 p1=66.0 p2=52.0 p3=1.0 off=2.75 exp=3,PRICE_STRUCTURE,D1,LIMIT,BOTH,17.0,25.0,191,52.87958115183246,1.0383994435108466,79.75537000000071,0.4175673821989566,3.6467307760805174,0.240897205988568,TIDAK,,N/A — belum pre-portfolio,POSITIF — BELUM LOLOS v11 (sample gagal)
56,ZSCORE_REVERSION f26/s55 p1=1.3 p2=30.0 p3=1.0 off=2.5 exp=7,ZSCORE_REVERSION,D1,LIMIT,LONG_ONLY,18.5,23.0,53,56.60377358490566,1.153371141055228,78.96054000000021,1.4898215094339662,1.2642805066743001,0.5124023024026984,TIDAK,,N/A — belum pre-portfolio,POSITIF — BELUM LOLOS v11 (sample gagal)
57,BOLLINGER_REVERSION f34/s144 p1=1.8 p2=25.0 p3=1.0 off=2.5 exp=2,BOLLINGER_REVERSION,D1,STOP,LONG_ONLY,19.0,24.0,6,83.33333333333333,4.448797202797203,78.90848,13.151413333333332,0.22879999999999198,1.8249237288229385,TIDAK,,N/A — belum pre-portfolio,POSITIF — BELUM LOLOS v11 (sample gagal)
58,ZSCORE_REVERSION f34/s55 p1=1.3 p2=25.0 p3=1.0 off=3.0 exp=5,ZSCORE_REVERSION,D1,LIMIT,LONG_ONLY,24.5,25.0,6,83.33333333333333,3.7691326674566894,78.51487999999999,13.085813333333332,0.28353600000000373,1.5788639765961503,TIDAK,,N/A — belum pre-portfolio,POSITIF — BELUM LOLOS v11 (sample gagal)
59,CANDLE_ENGULFING f10/s89 p1=52.0 p2=66.0 p3=1.0 off=1.25 exp=5,CANDLE_ENGULFING,D1,LIMIT,LONG_ONLY,24.5,24.5,143,60.83916083916084,1.047097060126961,78.30155500000006,0.5475633216783221,4.35625683213288,0.26668862647147956,TIDAK,,N/A — belum pre-portfolio,POSITIF — BELUM LOLOS v11 (sample gagal)
60,BOLLINGER_REVERSION f34/s89 p1=1.5 p2=25.0 p3=1.0 off=1.25 exp=4,BOLLINGER_REVERSION,D1,LIMIT,LONG_ONLY,13.5,22.5,6,83.33333333333333,5.4312158105096415,76.98688,12.831146666666667,0.17373760000000402,2.123902661553367,TIDAK,,N/A — belum pre-portfolio,POSITIF — BELUM LOLOS v11 (sample gagal)
61,MOMENTUM_RSI_ROC f89/s100 p1=2.5 p2=66.0 p3=1.0 off=0.5 exp=6,MOMENTUM_RSI_ROC,D1,LIMIT,LONG_ONLY,11.0,25.0,34,44.11764705882353,1.2265845762332717,76.65725999999997,2.254625294117646,1.0069331357258242,0.4379256070701063,TIDAK,,N/A — belum pre-portfolio,POSITIF — BELUM LOLOS v11 (sample gagal)
62,ZSCORE_REVERSION f26/s34 p1=1.7 p2=25.0 p3=1.0 off=5.0 exp=5,ZSCORE_REVERSION,D1,LIMIT,LONG_ONLY,15.0,19.0,12,75.0,2.3023827203634135,76.33088,6.360906666666666,0.2313728000000083,1.409569907325134,TIDAK,,N/A — belum pre-portfolio,POSITIF — BELUM LOLOS v11 (sample gagal)
63,ZSCORE_REVERSION f34/s89 p1=0.7 p2=25.0 p3=1.0 off=3.25 exp=5,ZSCORE_REVERSION,D1,LIMIT,LONG_ONLY,24.5,24.5,6,83.33333333333333,3.6813464631359154,76.02367999999998,12.67061333333333,0.2835280000000057,1.5442698254241647,TIDAK,,N/A — belum pre-portfolio,POSITIF — BELUM LOLOS v11 (sample gagal)
64,DONCHIAN f13/s100 p1=52.0 p2=52.0 p3=1.0 off=4.5 exp=8,DONCHIAN,D1,LIMIT,BOTH,14.5,24.5,169,50.29585798816568,1.0437313024390056,75.56255000000067,0.44711568047337674,3.3281289025628604,0.25184238533326003,TIDAK,,N/A — belum pre-portfolio,POSITIF — BELUM LOLOS v11 (sample gagal)
65,PRICE_STRUCTURE f8/s144 p1=55.0 p2=66.0 p3=1.0 off=2.75 exp=5,PRICE_STRUCTURE,D1,LIMIT,SHORT_ONLY,17.0,25.0,24,58.333333333333336,1.3447515115831943,75.53497,3.147290416666667,0.4456981599521106,0.7097310036474904,TIDAK,,N/A — belum pre-portfolio,POSITIF — BELUM LOLOS v11 (sample gagal)
66,DONCHIAN f5/s100 p1=55.0 p2=55.0 p3=1.0 off=2.25 exp=8,DONCHIAN,D1,LIMIT,SHORT_ONLY,21.5,24.5,38,60.526315789473685,1.187975940743555,73.85416999999998,1.9435307894736837,0.8027396265614408,0.5187825373217132,TIDAK,,N/A — belum pre-portfolio,POSITIF — BELUM LOLOS v11 (sample gagal)
67,ZSCORE_REVERSION f21/s144 p1=1.3 p2=25.0 p3=1.0 off=2.75 exp=7,ZSCORE_REVERSION,D1,LIMIT,LONG_ONLY,25.0,25.0,31,58.064516129032256,1.1883023189234143,72.88255000000035,2.3510500000000114,1.3410786143773754,0.43476011035700274,TIDAK,,N/A — belum pre-portfolio,POSITIF — BELUM LOLOS v11 (sample gagal)
68,BOLLINGER_REVERSION f34/s144 p1=1.5 p2=25.0 p3=1.0 off=3.25 exp=8,BOLLINGER_REVERSION,D1,LIMIT,LONG_ONLY,23.0,23.5,6,83.33333333333333,3.7007536715421967,72.52928,12.088213333333334,0.2685519999999997,1.5519726136722778,TIDAK,,N/A — belum pre-portfolio,POSITIF — BELUM LOLOS v11 (sample gagal)
69,PRICE_STRUCTURE f8/s100 p1=66.0 p2=66.0 p3=1.0 off=4.75 exp=7,PRICE_STRUCTURE,D1,LIMIT,BOTH,15.5,24.0,169,52.071005917159766,1.0407391940827706,71.10180500000058,0.42072073964497386,2.822435986253963,0.23496795642939747,TIDAK,,N/A — belum pre-portfolio,POSITIF — BELUM LOLOS v11 (sample gagal)
70,PRICE_STRUCTURE f5/s100 p1=62.0 p2=66.0 p3=1.0 off=3.0 exp=4,PRICE_STRUCTURE,D1,LIMIT,SHORT_ONLY,17.0,24.0,37,56.75675675675676,1.205696236730633,70.80582000000001,1.9136708108108111,0.6963598642101608,0.559452328169129,TIDAK,,N/A — belum pre-portfolio,POSITIF — BELUM LOLOS v11 (sample gagal)
71,BOLLINGER_REVERSION f26/s144 p1=1.2 p2=30.0 p3=1.0 off=1.5 exp=7,BOLLINGER_REVERSION,D1,LIMIT,LONG_ONLY,16.5,17.5,61,62.295081967213115,1.150275716936247,70.23473000000024,1.1513890163934466,1.2125327658974212,0.5293159586371643,TIDAK,,N/A — belum pre-portfolio,POSITIF — BELUM LOLOS v11 (sample gagal)
72,ZSCORE_REVERSION f34/s144 p1=1.3 p2=25.0 p3=1.0 off=0.75 exp=5,ZSCORE_REVERSION,D1,STOP,LONG_ONLY,20.5,22.5,6,83.33333333333333,3.8703627113080583,69.95648,11.659413333333333,0.24371999999999389,1.6178899953075685,TIDAK,,N/A — belum pre-portfolio,POSITIF — BELUM LOLOS v11 (sample gagal)
73,CANDLE_ENGULFING f26/s100 p1=66.0 p2=52.0 p3=1.0 off=2.0 exp=1,CANDLE_ENGULFING,D1,LIMIT,LONG_ONLY,25.0,25.0,137,60.583941605839414,1.0425424363096611,69.07702000000006,0.5042118248175187,3.664970992619255,0.2368547548844396,TIDAK,,N/A — belum pre-portfolio,POSITIF — BELUM LOLOS v11 (sample gagal)
74,ZSCORE_REVERSION f26/s55 p1=1.7 p2=30.0 p3=1.0 off=2.0 exp=6,ZSCORE_REVERSION,D1,LIMIT,LONG_ONLY,12.5,14.0,66,65.15151515151516,1.1794524220405909,68.84518999999987,1.0431089393939375,1.184558152475698,0.6383204890050443,TIDAK,,N/A — belum pre-portfolio,POSITIF — BELUM LOLOS v11 (sample gagal)
75,BOLLINGER_REVERSION f3/s10 p1=2.6 p2=40.0 p3=1.0 off=1.5 exp=5,BOLLINGER_REVERSION,D1,LIMIT,LONG_ONLY,22.0,24.0,15,66.66666666666667,1.5172110766611948,68.06084,4.5373893333333335,0.408584536465486,0.7770925770698357,TIDAK,,N/A — belum pre-portfolio,POSITIF — BELUM LOLOS v11 (sample gagal)
76,CANDLE_ENGULFING f21/s89 p1=55.0 p2=55.0 p3=1.0 off=5.0 exp=7,CANDLE_ENGULFING,D1,LIMIT,BOTH,18.0,23.5,193,54.92227979274612,1.0338596916337432,67.6237100000001,0.3503819170984461,2.779689873852194,0.22118469070402727,TIDAK,,N/A — belum pre-portfolio,POSITIF — BELUM LOLOS v11 (sample gagal)
77,KELTNER_BREAKOUT f10/s21 p1=2.8 p2=55.0 p3=1.0 off=4.0 exp=5,KELTNER_BREAKOUT,D1,LIMIT,SHORT_ONLY,21.0,25.0,23,60.869565217391305,1.2881276111692164,67.42173999999993,2.9313799999999968,0.9593571799424567,0.58826672737899,TIDAK,,N/A — belum pre-portfolio,POSITIF — BELUM LOLOS v11 (sample gagal)
78,ZSCORE_REVERSION f34/s100 p1=1.0 p2=25.0 p3=1.0 off=0.5 exp=8,ZSCORE_REVERSION,D1,STOP,LONG_ONLY,15.0,24.5,7,71.42857142857143,2.764469432925434,66.58176,9.51168,0.3773472000000038,1.2980570743125284,TIDAK,,N/A — belum pre-portfolio,POSITIF — BELUM LOLOS v11 (sample gagal)
79,ZSCORE_REVERSION f34/s100 p1=1.7 p2=25.0 p3=1.0 off=3.75 exp=7,ZSCORE_REVERSION,D1,LIMIT,LONG_ONLY,15.0,24.5,5,80.0,4.430411737268372,64.71952,12.943904,0.18866400000000796,1.6275657906569831,TIDAK,,N/A — belum pre-portfolio,POSITIF — BELUM LOLOS v11 (sample gagal)
80,PRICE_STRUCTURE f5/s100 p1=55.0 p2=52.0 p3=1.0 off=4.75 exp=5,PRICE_STRUCTURE,D1,LIMIT,LONG_ONLY,18.0,18.0,143,62.93706293706294,1.0486737501148424,64.52330500000087,0.4512119230769292,3.579598989763777,0.23726512951562995,TIDAK,,N/A — belum pre-portfolio,POSITIF — BELUM LOLOS v11 (sample gagal)
81,BOLLINGER_REVERSION f34/s89 p1=1.8 p2=25.0 p3=1.0 off=4.5 exp=5,BOLLINGER_REVERSION,D1,LIMIT,LONG_ONLY,15.5,24.5,5,80.0,4.317236820360272,64.23232,12.846464000000001,0.1936319999999978,1.5952875092237562,TIDAK,,N/A — belum pre-portfolio,POSITIF — BELUM LOLOS v11 (sample gagal)
82,DONCHIAN f89/s100 p1=66.0 p2=66.0 p3=1.0 off=4.5 exp=5,DONCHIAN,D1,LIMIT,LONG_ONLY,10.5,24.0,137,45.25547445255474,1.0486331628401095,61.69060000000053,0.45029635036496735,3.51564028191142,0.23812630632714735,TIDAK,,N/A — belum pre-portfolio,POSITIF — BELUM LOLOS v11 (sample gagal)
83,DONCHIAN f10/s100 p1=55.0 p2=62.0 p3=1.0 off=4.5 exp=8,DONCHIAN,D1,LIMIT,SHORT_ONLY,21.0,23.0,38,60.526315789473685,1.1577598477083482,60.3377999999998,1.587836842105258,0.7458186726454915,0.43836192959459275,TIDAK,,N/A — belum pre-portfolio,POSITIF — BELUM LOLOS v11 (sample gagal)
84,ZSCORE_REVERSION f26/s50 p1=0.7 p2=25.0 p3=1.0 off=0.75 exp=6,ZSCORE_REVERSION,D1,LIMIT,LONG_ONLY,15.0,24.0,24,54.166666666666664,1.2879696926165123,59.97736000000006,2.4990566666666694,0.5761643982561512,0.6070758428213215,TIDAK,,N/A — belum pre-portfolio,POSITIF — BELUM LOLOS v11 (sample gagal)
85,ZSCORE_REVERSION f14/s55 p1=2.7 p2=25.0 p3=1.0 off=4.0 exp=7,ZSCORE_REVERSION,D1,LIMIT,LONG_ONLY,7.0,17.0,23,43.47826086956522,1.3995720612560707,59.90704000000017,2.6046539130434856,0.7495660690144892,0.559889396859578,TIDAK,,N/A — belum pre-portfolio,POSITIF — BELUM LOLOS v11 (sample gagal)
86,BOLLINGER_REVERSION f26/s100 p1=3.0 p2=30.0 p3=1.0 off=1.75 exp=7,BOLLINGER_REVERSION,D1,LIMIT,LONG_ONLY,20.5,25.0,7,71.42857142857143,2.190717954170534,59.12972000000004,8.447102857142863,0.49437564437286524,0.98274285014654,TIDAK,,N/A — belum pre-portfolio,POSITIF — BELUM LOLOS v11 (sample gagal)
87,DONCHIAN f10/s89 p1=66.0 p2=52.0 p3=1.0 off=3.0 exp=3,DONCHIAN,D1,LIMIT,SHORT_ONLY,18.0,24.5,41,56.09756097560975,1.1442228700430128,58.46401999999999,1.4259517073170729,0.7753944338736539,0.42438357514262287,TIDAK,,N/A — belum pre-portfolio,POSITIF — BELUM LOLOS v11 (sample gagal)
88,BOLLINGER_REVERSION f26/s34 p1=1.8 p2=25.0 p3=1.0 off=1.75 exp=8,BOLLINGER_REVERSION,D1,LIMIT,LONG_ONLY,15.0,25.0,12,58.333333333333336,1.6123563359882915,57.70464000000004,4.808720000000004,0.3776364797760886,0.7966033993703096,TIDAK,,N/A — belum pre-portfolio,POSITIF — BELUM LOLOS v11 (sample gagal)
89,ZSCORE_REVERSION f26/s34 p1=1.0 p2=25.0 p3=1.0 off=2.5 exp=5,ZSCORE_REVERSION,D1,STOP,LONG_ONLY,14.5,24.5,25,52.0,1.2591443440563683,57.43385000000009,2.297354000000004,0.7442662426047663,0.5632904800132513,TIDAK,,N/A — belum pre-portfolio,POSITIF — BELUM LOLOS v11 (sample gagal)
90,BOLLINGER_REVERSION f34/s89 p1=1.2 p2=25.0 p3=1.0 off=3.0 exp=4,BOLLINGER_REVERSION,D1,LIMIT,LONG_ONLY,8.5,22.5,8,62.5,2.542793103448276,57.26847999999999,7.158559999999999,0.37120000000000797,1.2518165344676047,TIDAK,,N/A — belum pre-portfolio,POSITIF — BELUM LOLOS v11 (sample gagal)
91,ZSCORE_REVERSION f34/s100 p1=1.7 p2=25.0 p3=1.0 off=3.25 exp=3,ZSCORE_REVERSION,D1,LIMIT,LONG_ONLY,21.5,24.0,5,80.0,3.2172887024008583,56.225120000000004,11.245024,0.25357599999999364,1.2288358721107846,TIDAK,,N/A — belum pre-portfolio,POSITIF — BELUM LOLOS v11 (sample gagal)
92,ZSCORE_REVERSION f34/s55 p1=0.7 p2=25.0 p3=1.0 off=0.5 exp=7,ZSCORE_REVERSION,D1,LIMIT,LONG_ONLY,10.5,23.5,8,62.5,2.3037154666409423,56.2208,7.0276,0.4312351999999919,1.121533365947073,TIDAK,,N/A — belum pre-portfolio,POSITIF — BELUM LOLOS v11 (sample gagal)
93,DONCHIAN f34/s100 p1=62.0 p2=58.0 p3=1.0 off=4.0 exp=8,DONCHIAN,D1,LIMIT,SHORT_ONLY,19.0,22.5,39,58.97435897435897,1.1489677527477076,55.91085999999976,1.4336117948717886,0.7302017781462763,0.42234472408619406,TIDAK,,N/A — belum pre-portfolio,POSITIF — BELUM LOLOS v11 (sample gagal)
94,DONCHIAN f10/s89 p1=66.0 p2=55.0 p3=1.0 off=4.0 exp=6,DONCHIAN,D1,LIMIT,BOTH,16.0,18.0,195,60.51282051282051,1.0327328400176037,55.55607000000066,0.28490292307692644,2.807548407372052,0.19462030887363135,TIDAK,,N/A — belum pre-portfolio,POSITIF — BELUM LOLOS v11 (sample gagal)
95,ATR_BREAKOUT f5/s8 p1=2.2 p2=55.0 p3=1.0 off=2.75 exp=8,ATR_BREAKOUT,D1,LIMIT,BOTH,18.0,20.0,31,64.51612903225806,1.211100032835344,55.309110000000345,1.7841648387096884,0.5884681222777031,0.5083854824390651,TIDAK,,N/A — belum pre-portfolio,POSITIF — BELUM LOLOS v11 (sample gagal)
96,ZSCORE_REVERSION f26/s100 p1=2.1 p2=25.0 p3=1.0 off=4.25 exp=1,ZSCORE_REVERSION,D1,LIMIT,LONG_ONLY,21.0,25.0,11,63.63636363636363,1.5470967981263593,54.56831000000005,4.960755454545459,0.49368643872171003,0.6917073006538849,TIDAK,,N/A — belum pre-portfolio,POSITIF — BELUM LOLOS v11 (sample gagal)
97,PRICE_STRUCTURE f10/s144 p1=52.0 p2=52.0 p3=1.0 off=3.5 exp=4,PRICE_STRUCTURE,D1,LIMIT,SHORT_ONLY,18.0,24.0,22,59.09090909090909,1.2549446754055187,52.88141999999999,2.4037009090909085,0.46634094601360604,0.5178140657282184,TIDAK,,N/A — belum pre-portfolio,POSITIF — BELUM LOLOS v11 (sample gagal)
98,ZSCORE_REVERSION f26/s144 p1=2.1 p2=25.0 p3=1.0 off=2.25 exp=5,ZSCORE_REVERSION,D1,LIMIT,LONG_ONLY,16.5,25.0,16,56.25,1.3693702347925962,52.63975000000004,3.2899843750000026,0.6143772870379179,0.6100051046434473,TIDAK,,N/A — belum pre-portfolio,POSITIF — BELUM LOLOS v11 (sample gagal)
99,ZSCORE_REVERSION f26/s144 p1=1.3 p2=25.0 p3=1.0 off=4.0 exp=5,ZSCORE_REVERSION,D1,LIMIT,LONG_ONLY,16.5,25.0,16,56.25,1.3700539659425444,52.61374000000002,3.2883587500000013,0.8024234795176961,0.6100253531325931,TIDAK,,N/A — belum pre-portfolio,POSITIF — BELUM LOLOS v11 (sample gagal)
100,DONCHIAN f55/s100 p1=52.0 p2=55.0 p3=1.0 off=5.0 exp=7,DONCHIAN,D1,LIMIT,BOTH,11.0,24.0,165,46.06060606060606,1.0344101928539353,52.457050000000066,0.31792151515151557,3.2739787247552985,0.19122344158593793,TIDAK,,N/A — belum pre-portfolio,POSITIF — BELUM LOLOS v11 (sample gagal)
101,ZSCORE_REVERSION f34/s100 p1=1.0 p2=25.0 p3=1.0 off=2.75 exp=4,ZSCORE_REVERSION,D1,LIMIT,LONG_ONLY,12.0,15.0,7,85.71428571428571,4.288864454823317,52.1656,7.452228571428571,0.1584372135424554,1.91762043563244,TIDAK,,N/A — belum pre-portfolio,POSITIF — BELUM LOLOS v11 (sample gagal)
102,ZSCORE_REVERSION f34/s144 p1=1.3 p2=25.0 p3=1.0 off=4.5 exp=8,ZSCORE_REVERSION,D1,LIMIT,LONG_ONLY,9.0,23.0,6,66.66666666666667,3.017081151018276,51.8832,8.6472,0.25721919999999954,1.2713202583535739,TIDAK,,N/A — belum pre-portfolio,POSITIF — BELUM LOLOS v11 (sample gagal)
103,DONCHIAN f3/s100 p1=66.0 p2=66.0 p3=1.0 off=3.0 exp=3,DONCHIAN,D1,LIMIT,SHORT_ONLY,19.5,25.0,37,56.75675675675676,1.1347354506558656,51.77706999999997,1.3993802702702696,0.8163845304329562,0.3772840680839104,TIDAK,,N/A — belum pre-portfolio,POSITIF — BELUM LOLOS v11 (sample gagal)
104,PRICE_STRUCTURE f34/s100 p1=66.0 p2=55.0 p3=1.0 off=4.75 exp=7,PRICE_STRUCTURE,D1,LIMIT,BOTH,16.5,24.0,168,52.976190476190474,1.0288671243731762,51.611355000000685,0.30721044642857553,3.2881868855150964,0.1674808655076548,TIDAK,,N/A — belum pre-portfolio,POSITIF — BELUM LOLOS v11 (sample gagal)
105,DONCHIAN f10/s144 p1=66.0 p2=66.0 p3=1.0 off=2.25 exp=6,DONCHIAN,D1,LIMIT,SHORT_ONLY,23.5,24.5,24,62.5,1.200687560626078,51.53026999999999,2.147094583333333,0.5839777992304505,0.43190045929324766,TIDAK,,N/A — belum pre-portfolio,POSITIF — BELUM LOLOS v11 (sample gagal)
106,ZSCORE_REVERSION f21/s89 p1=2.7 p2=25.0 p3=1.0 off=2.5 exp=2,ZSCORE_REVERSION,D1,LIMIT,LONG_ONLY,15.0,24.5,12,58.333333333333336,1.519856629839612,51.465640000000036,4.288803333333337,0.41538224009207136,0.6965066340038125,TIDAK,,N/A — belum pre-portfolio,POSITIF — BELUM LOLOS v11 (sample gagal)
107,BOLLINGER_REVERSION f34/s144 p1=3.0 p2=40.0 p3=1.0 off=1.0 exp=3,BOLLINGER_REVERSION,D1,LIMIT,LONG_ONLY,17.5,19.5,8,75.0,2.1361655379419964,49.631709999999956,6.2039637499999944,0.2855489143432369,1.0124436305750153,TIDAK,,N/A — belum pre-portfolio,POSITIF — BELUM LOLOS v11 (sample gagal)
108,CANDLE_ENGULFING f50/s89 p1=66.0 p2=58.0 p3=1.0 off=4.75 exp=6,CANDLE_ENGULFING,D1,LIMIT,LONG_ONLY,20.5,21.5,139,61.15107913669065,1.0357350648531007,49.2378650000004,0.3542292446043194,1.8624408525843645,0.19974912938801084,TIDAK,,N/A — belum pre-portfolio,POSITIF — BELUM LOLOS v11 (sample gagal)
109,DONCHIAN f10/s100 p1=55.0 p2=66.0 p3=1.0 off=5.0 exp=1,DONCHIAN,D1,LIMIT,SHORT_ONLY,15.0,22.5,34,55.88235294117647,1.1669848610863927,48.92080999999999,1.438847352941176,0.756051280291656,0.4416002748262348,TIDAK,,N/A — belum pre-portfolio,POSITIF — BELUM LOLOS v11 (sample gagal)
110,ZSCORE_REVERSION f26/s34 p1=2.1 p2=30.0 p3=1.0 off=1.0 exp=5,ZSCORE_REVERSION,D1,STOP,LONG_ONLY,15.0,23.0,27,55.55555555555556,1.2069917256064584,48.37082000000008,1.791511851851855,1.3883765277348077,0.47946973983513114,TIDAK,,N/A — belum pre-portfolio,POSITIF — BELUM LOLOS v11 (sample gagal)
111,BOLLINGER_REVERSION f26/s100 p1=3.0 p2=30.0 p3=1.0 off=1.0 exp=3,BOLLINGER_REVERSION,D1,LIMIT,LONG_ONLY,8.0,23.5,9,55.55555555555556,1.9571203179150094,47.90012,5.322235555555555,0.13770320723396834,0.9418661898001658,TIDAK,,N/A — belum pre-portfolio,POSITIF — BELUM LOLOS v11 (sample gagal)
112,PRICE_STRUCTURE f100/s144 p1=66.0 p2=52.0 p3=1.0 off=1.25 exp=8,PRICE_STRUCTURE,D1,LIMIT,SHORT_ONLY,20.5,24.0,18,61.111111111111114,1.2767584823183935,47.43308000000001,2.6351711111111116,0.3610921805280424,0.501822118864932,TIDAK,,N/A — belum pre-portfolio,POSITIF — BELUM LOLOS v11 (sample gagal)
113,DONCHIAN f26/s100 p1=55.0 p2=66.0 p3=1.0 off=2.75 exp=7,DONCHIAN,D1,LIMIT,SHORT_ONLY,19.0,24.5,37,56.75675675675676,1.125040243042864,47.29823999999999,1.2783308108108107,0.7313670305782696,0.3514674900754859,TIDAK,,N/A — belum pre-portfolio,POSITIF — BELUM LOLOS v11 (sample gagal)
114,DONCHIAN f5/s144 p1=66.0 p2=52.0 p3=1.0 off=2.25 exp=6,DONCHIAN,D1,LIMIT,SHORT_ONLY,24.0,24.5,24,62.5,1.1799761730461327,47.023369999999986,1.9593070833333328,0.5989660163724094,0.39017145114597673,TIDAK,,N/A — belum pre-portfolio,POSITIF — BELUM LOLOS v11 (sample gagal)
115,ZSCORE_REVERSION f34/s55 p1=1.7 p2=25.0 p3=1.0 off=0.5 exp=5,ZSCORE_REVERSION,D1,STOP,LONG_ONLY,21.0,21.5,5,80.0,2.8694673185795163,46.4944,9.29888,0.2487039999999979,1.088527576605988,TIDAK,,N/A — belum pre-portfolio,POSITIF — BELUM LOLOS v11 (sample gagal)
116,BOLLINGER_REVERSION f26/s100 p1=2.2 p2=25.0 p3=1.0 off=1.25 exp=2,BOLLINGER_REVERSION,D1,LIMIT,LONG_ONLY,12.5,23.0,15,53.333333333333336,1.398532256198029,46.285600000000045,3.0857066666666695,0.5020038391528375,0.6255504494177045,TIDAK,,N/A — belum pre-portfolio,POSITIF — BELUM LOLOS v11 (sample gagal)
117,BOLLINGER_REVERSION f5/s10 p1=2.6 p2=30.0 p3=1.0 off=1.0 exp=2,BOLLINGER_REVERSION,D1,LIMIT,LONG_ONLY,16.5,23.0,15,60.0,1.3705803970114758,46.07684000000002,3.0717893333333346,0.4794366263540207,0.5905913806575698,TIDAK,,N/A — belum pre-portfolio,POSITIF — BELUM LOLOS v11 (sample gagal)
118,ZSCORE_REVERSION f34/s144 p1=1.3 p2=25.0 p3=1.0 off=0.75 exp=7,ZSCORE_REVERSION,D1,STOP,LONG_ONLY,15.5,20.5,7,71.42857142857143,2.177490375559705,45.60976,6.515680000000001,0.3873472000000038,0.9749367068304999,TIDAK,,N/A — belum pre-portfolio,POSITIF — BELUM LOLOS v11 (sample gagal)
119,BOLLINGER_REVERSION f34/s100 p1=1.2 p2=25.0 p3=1.0 off=2.25 exp=6,BOLLINGER_REVERSION,D1,STOP,LONG_ONLY,15.5,20.5,7,71.42857142857143,2.176331395156761,45.57616,6.51088,0.3874431999999979,0.9742184861393691,TIDAK,,N/A — belum pre-portfolio,POSITIF — BELUM LOLOS v11 (sample gagal)
120,PRICE_STRUCTURE f3/s144 p1=66.0 p2=66.0 p3=1.0 off=2.25 exp=5,PRICE_STRUCTURE,D1,LIMIT,SHORT_ONLY,20.0,25.0,24,58.333333333333336,1.1827040300975389,45.51826999999997,1.8965945833333322,0.5062872365869356,0.3999403587047562,TIDAK,,N/A — belum pre-portfolio,POSITIF — BELUM LOLOS v11 (sample gagal)
121,DONCHIAN f34/s144 p1=66.0 p2=66.0 p3=1.0 off=4.5 exp=4,DONCHIAN,D1,LIMIT,SHORT_ONLY,22.5,24.5,21,61.904761904761905,1.2043831375875955,45.28685999999999,2.1565171428571426,0.5556176683461096,0.410238477981838,TIDAK,,N/A — belum pre-portfolio,POSITIF — BELUM LOLOS v11 (sample gagal)
122,ZSCORE_REVERSION f34/s144 p1=0.7 p2=25.0 p3=1.0 off=4.5 exp=7,ZSCORE_REVERSION,D1,LIMIT,LONG_ONLY,20.5,21.0,5,80.0,2.8584417290763366,45.26272,9.052544000000001,0.2435519999999997,1.083842929787074,TIDAK,,N/A — belum pre-portfolio,POSITIF — BELUM LOLOS v11 (sample gagal)
123,ZSCORE_REVERSION f34/s89 p1=0.7 p2=25.0 p3=1.0 off=3.0 exp=6,ZSCORE_REVERSION,D1,LIMIT,LONG_ONLY,14.0,14.0,7,85.71428571428571,3.4742849974912193,44.184,6.311999999999999,0.17839289433392386,1.5667224484468634,TIDAK,,N/A — belum pre-portfolio,POSITIF — BELUM LOLOS v11 (sample gagal)
124,DONCHIAN f55/s144 p1=66.0 p2=52.0 p3=1.0 off=4.0 exp=8,DONCHIAN,D1,LIMIT,SHORT_ONLY,16.0,22.5,25,56.0,1.1938074831730228,44.165639999999776,1.7666255999999911,0.6228629996088096,0.42929961778978404,TIDAK,,N/A — belum pre-portfolio,POSITIF — BELUM LOLOS v11 (sample gagal)
125,BOLLINGER_REVERSION f7/s14 p1=3.0 p2=30.0 p3=1.0 off=3.5 exp=7,BOLLINGER_REVERSION,D1,LIMIT,LONG_ONLY,22.5,24.0,7,71.42857142857143,1.8167846430713859,43.57056,6.224365714285715,0.26799999999999274,0.7324321124337626,TIDAK,,N/A — belum pre-portfolio,POSITIF — BELUM LOLOS v11 (sample gagal)
126,ZSCORE_REVERSION f26/s50 p1=1.3 p2=30.0 p3=1.0 off=0.5 exp=4,ZSCORE_REVERSION,D1,LIMIT,LONG_ONLY,13.0,20.0,70,52.857142857142854,1.077998018418339,43.53224000000002,0.6218891428571431,1.2003221944713907,0.3112018117917702,TIDAK,,N/A — belum pre-portfolio,POSITIF — BELUM LOLOS v11 (sample gagal)
127,BOLLINGER_REVERSION f50/s55 p1=2.6 p2=35.0 p3=1.0 off=4.0 exp=7,BOLLINGER_REVERSION,D1,STOP,LONG_ONLY,19.5,25.0,2,100.0,0.0,42.72544,21.36272,0.0,261.28571428571695,TIDAK,,N/A — belum pre-portfolio,POSITIF — BELUM LOLOS v11 (sample gagal)
128,ZSCORE_REVERSION f89/s144 p1=1.0 p2=30.0 p3=1.0 off=2.25 exp=8,ZSCORE_REVERSION,D1,STOP,SHORT_ONLY,22.5,24.5,2,100.0,0.0,42.54196,21.27098,0.0,35.474100263500226,TIDAK,,N/A — belum pre-portfolio,POSITIF — BELUM LOLOS v11 (sample gagal)
129,ZSCORE_REVERSION f89/s144 p1=0.7 p2=30.0 p3=1.0 off=1.75 exp=3,ZSCORE_REVERSION,D1,STOP,SHORT_ONLY,17.5,24.5,2,100.0,0.0,42.54066,21.27033,0.0,35.51151142795135,TIDAK,,N/A — belum pre-portfolio,POSITIF — BELUM LOLOS v11 (sample gagal)
130,ZSCORE_REVERSION f34/s100 p1=1.7 p2=25.0 p3=1.0 off=1.5 exp=8,ZSCORE_REVERSION,D1,LIMIT,LONG_ONLY,10.5,25.0,7,57.142857142857146,1.9840743296895758,42.4336,6.061942857142857,0.43120319999999995,0.8390021668175398,TIDAK,,N/A — belum pre-portfolio,POSITIF — BELUM LOLOS v11 (sample gagal)
131,BOLLINGER_REVERSION f34/s50 p1=1.2 p2=25.0 p3=1.0 off=2.75 exp=5,BOLLINGER_REVERSION,D1,LIMIT,LONG_ONLY,13.0,13.5,7,85.71428571428571,3.5019217446594477,42.1816,6.025942857142858,0.16843535807800328,1.5795881208331015,TIDAK,,N/A — belum pre-portfolio,POSITIF — BELUM LOLOS v11 (sample gagal)
132,DONCHIAN f26/s89 p1=55.0 p2=52.0 p3=1.0 off=4.0 exp=3,DONCHIAN,D1,LIMIT,SHORT_ONLY,16.0,17.0,44,63.63636363636363,1.1277788441625471,41.845320000000065,0.9510300000000015,1.1901754459742886,0.38158978922536757,TIDAK,,N/A — belum pre-portfolio,POSITIF — BELUM LOLOS v11 (sample gagal)
133,BOLLINGER_REVERSION f89/s144 p1=1.8 p2=30.0 p3=1.0 off=0.5 exp=3,BOLLINGER_REVERSION,D1,STOP,SHORT_ONLY,23.0,24.0,2,100.0,0.0,41.53856,20.76928,0.0,34.689470871191865,TIDAK,,N/A — belum pre-portfolio,POSITIF — BELUM LOLOS v11 (sample gagal)
134,ZSCORE_REVERSION f26/s50 p1=1.7 p2=25.0 p3=1.0 off=1.5 exp=2,ZSCORE_REVERSION,D1,LIMIT,LONG_ONLY,12.5,23.5,20,50.0,1.2508592938025747,41.24480000000003,2.062240000000002,0.5022597844073237,0.4847992378631357,TIDAK,,N/A — belum pre-portfolio,POSITIF — BELUM LOLOS v11 (sample gagal)
135,ZSCORE_REVERSION f34/s55 p1=2.7 p2=40.0 p3=1.0 off=1.75 exp=7,ZSCORE_REVERSION,D1,LIMIT,LONG_ONLY,11.5,23.5,28,42.857142857142854,1.1520987137619936,40.963980000000404,1.4629992857143002,1.1720935619284936,0.31299626420464444,TIDAK,,N/A — belum pre-portfolio,POSITIF — BELUM LOLOS v11 (sample gagal)
136,DONCHIAN f14/s100 p1=58.0 p2=66.0 p3=1.0 off=3.5 exp=5,DONCHIAN,D1,LIMIT,SHORT_ONLY,14.5,25.0,36,50.0,1.1196758684559724,40.872069999999866,1.135335277777774,0.5980493433823104,0.33177487213566004,TIDAK,,N/A — belum pre-portfolio,POSITIF — BELUM LOLOS v11 (sample gagal)
137,MOMENTUM_RSI_ROC f89/s100 p1=0.8 p2=66.0 p3=1.0 off=3.0 exp=2,MOMENTUM_RSI_ROC,D1,LIMIT,BOTH,13.0,25.0,36,41.666666666666664,1.0991666320146527,40.82813999999996,1.1341149999999989,1.5562084998739105,0.21497031204234957,TIDAK,,N/A — belum pre-portfolio,POSITIF — BELUM LOLOS v11 (sample gagal)
138,ATR_BREAKOUT f5/s10 p1=2.8 p2=55.0 p3=1.0 off=3.25 exp=5,ATR_BREAKOUT,D1,LIMIT,SHORT_ONLY,14.5,25.0,2,100.0,0.0,39.9832,19.9916,0.0,20.505046360876317,TIDAK,,N/A — belum pre-portfolio,POSITIF — BELUM LOLOS v11 (sample gagal)
139,ATR_BREAKOUT f5/s10 p1=2.8 p2=55.0 p3=1.0 off=2.75 exp=1,ATR_BREAKOUT,D1,STOP,BOTH,21.5,25.0,7,71.42857142857143,1.6690182846321986,38.83421,5.547744285714286,0.32271224094839546,0.6142363378544647,TIDAK,,N/A — belum pre-portfolio,POSITIF — BELUM LOLOS v11 (sample gagal)
140,ATR_BREAKOUT f3/s8 p1=2.2 p2=55.0 p3=1.0 off=1.5 exp=6,ATR_BREAKOUT,D1,STOP,BOTH,12.5,25.0,17,52.94117647058823,1.2646652991962748,38.695840000000004,2.2762258823529415,0.6627313653786991,0.46597952619729616,TIDAK,,N/A — belum pre-portfolio,POSITIF — BELUM LOLOS v11 (sample gagal)
141,ZSCORE_REVERSION f34/s144 p1=0.7 p2=25.0 p3=1.0 off=4.25 exp=2,ZSCORE_REVERSION,D1,LIMIT,LONG_ONLY,8.5,22.5,7,57.142857142857146,2.0374345154683624,38.497119999999995,5.49958857142857,0.37108000000000174,0.8704874289320295,TIDAK,,N/A — belum pre-portfolio,POSITIF — BELUM LOLOS v11 (sample gagal)
142,PRICE_STRUCTURE f5/s144 p1=66.0 p2=55.0 p3=1.0 off=2.75 exp=8,PRICE_STRUCTURE,D1,LIMIT,SHORT_ONLY,16.0,24.5,24,54.166666666666664,1.1647590390587963,37.97467,1.5822779166666667,0.545491619999747,0.36448094787493285,TIDAK,,N/A — belum pre-portfolio,POSITIF — BELUM LOLOS v11 (sample gagal)
143,BOLLINGER_REVERSION f34/s55 p1=1.5 p2=25.0 p3=1.0 off=4.75 exp=7,BOLLINGER_REVERSION,D1,LIMIT,LONG_ONLY,15.0,15.0,6,83.33333333333333,3.010508178214628,37.89824,6.316373333333334,0.1882920067595461,1.2547581482510448,TIDAK,,N/A — belum pre-portfolio,POSITIF — BELUM LOLOS v11 (sample gagal)
144,ZSCORE_REVERSION f89/s100 p1=2.1 p2=30.0 p3=1.0 off=2.5 exp=4,ZSCORE_REVERSION,D1,STOP,BOTH,19.5,22.0,2,100.0,0.0,37.53536,18.76768,0.0,31.262793176972284,TIDAK,,N/A — belum pre-portfolio,POSITIF — BELUM LOLOS v11 (sample gagal)
145,ZSCORE_REVERSION f34/s144 p1=1.0 p2=25.0 p3=1.0 off=3.75 exp=1,ZSCORE_REVERSION,D1,LIMIT,LONG_ONLY,9.5,16.5,7,71.42857142857143,2.4032439617286756,37.49872,5.35696,0.2668929632464812,1.1082865117048568,TIDAK,,N/A — belum pre-portfolio,POSITIF — BELUM LOLOS v11 (sample gagal)
146,ZSCORE_REVERSION f34/s89 p1=0.7 p2=25.0 p3=1.0 off=3.75 exp=2,ZSCORE_REVERSION,D1,LIMIT,LONG_ONLY,9.5,19.5,6,66.66666666666667,2.380454044733943,36.8928,6.1488000000000005,0.26725119999999153,0.9965103873666851,TIDAK,,N/A — belum pre-portfolio,POSITIF — BELUM LOLOS v11 (sample gagal)
147,KELTNER_BREAKOUT f8/s10 p1=2.2 p2=55.0 p3=1.0 off=1.75 exp=6,KELTNER_BREAKOUT,D1,LIMIT,BOTH,15.5,19.0,42,61.904761904761905,1.1052655450826239,36.414049999999996,0.8670011904761904,1.126390727987869,0.3100174865698892,TIDAK,,N/A — belum pre-portfolio,POSITIF — BELUM LOLOS v11 (sample gagal)
148,ZSCORE_REVERSION f26/s144 p1=1.7 p2=25.0 p3=1.0 off=1.75 exp=8,ZSCORE_REVERSION,D1,STOP,LONG_ONLY,13.0,25.0,21,47.61904761904762,1.1958460955176846,36.35551000000008,1.7312147619047658,0.6866729165018611,0.39597728489443523,TIDAK,,N/A — belum pre-portfolio,POSITIF — BELUM LOLOS v11 (sample gagal)
149,ZSCORE_REVERSION f26/s89 p1=2.7 p2=25.0 p3=1.0 off=0.5 exp=3,ZSCORE_REVERSION,D1,LIMIT,LONG_ONLY,21.5,22.5,4,75.0,2.373781470916534,35.44576000000004,8.86144000000001,0.2580160000000069,0.7628485465664506,TIDAK,,N/A — belum pre-portfolio,POSITIF — BELUM LOLOS v11 (sample gagal)
150,ZSCORE_REVERSION f21/s50 p1=1.0 p2=25.0 p3=1.0 off=3.5 exp=8,ZSCORE_REVERSION,D1,LIMIT,LONG_ONLY,7.5,18.0,70,42.857142857142854,1.0738582895178947,35.41968000000033,0.5059954285714332,1.418925298304752,0.24795902838926057,TIDAK,,N/A — belum pre-portfolio,POSITIF — BELUM LOLOS v11 (sample gagal)
151,ZSCORE_REVERSION f26/s89 p1=1.3 p2=25.0 p3=1.0 off=1.0 exp=4,ZSCORE_REVERSION,D1,STOP,LONG_ONLY,16.5,24.5,25,52.0,1.1444582682884812,35.415990000000086,1.4166396000000034,1.0198757360824156,0.3299929935944748,TIDAK,,N/A — belum pre-portfolio,POSITIF — BELUM LOLOS v11 (sample gagal)
152,BOLLINGER_REVERSION f26/s89 p1=3.0 p2=30.0 p3=1.0 off=2.5 exp=2,BOLLINGER_REVERSION,D1,LIMIT,LONG_ONLY,17.0,17.5,7,71.42857142857143,1.8228771525065421,35.12461000000004,5.017801428571434,0.2955748754841557,0.7247319550235006,TIDAK,,N/A — belum pre-portfolio,POSITIF — BELUM LOLOS v11 (sample gagal)
153,KELTNER_BREAKOUT f3/s7 p1=1.5 p2=55.0 p3=1.0 off=4.75 exp=4,KELTNER_BREAKOUT,D1,LIMIT,SHORT_ONLY,17.0,24.0,18,55.55555555555556,1.2051763426114337,34.803310000000074,1.9335172222222263,0.6228468919086646,0.38231085792865815,TIDAK,,N/A — belum pre-portfolio,POSITIF — BELUM LOLOS v11 (sample gagal)
154,ZSCORE_REVERSION f34/s89 p1=2.1 p2=25.0 p3=1.0 off=4.5 exp=6,ZSCORE_REVERSION,D1,LIMIT,LONG_ONLY,15.0,21.0,2,100.0,0.0,34.656,17.328,0.0,105.3501945525285,TIDAK,,N/A — belum pre-portfolio,POSITIF — BELUM LOLOS v11 (sample gagal)
155,KELTNER_BREAKOUT f7/s8 p1=2.2 p2=55.0 p3=1.0 off=0.75 exp=5,KELTNER_BREAKOUT,D1,LIMIT,LONG_ONLY,18.5,19.0,7,71.42857142857143,1.7906668790378757,34.64911000000036,4.949872857142909,0.23645837604220465,0.7108988063930227,TIDAK,,N/A — belum pre-portfolio,POSITIF — BELUM LOLOS v11 (sample gagal)
156,CANDLE_ENGULFING f10/s144 p1=66.0 p2=55.0 p3=1.0 off=3.5 exp=7,CANDLE_ENGULFING,D1,LIMIT,BOTH,20.0,24.0,202,55.94059405940594,1.015535632679397,34.583280000000045,0.17120435643564377,4.087979474087708,0.10510661303439074,TIDAK,,N/A — belum pre-portfolio,POSITIF — BELUM LOLOS v11 (sample gagal)
157,ZSCORE_REVERSION f34/s144 p1=1.0 p2=25.0 p3=1.0 off=4.5 exp=7,ZSCORE_REVERSION,D1,LIMIT,LONG_ONLY,8.5,11.5,7,85.71428571428571,3.792704396002692,34.518719999999995,4.931245714285714,0.12341560433211358,1.710489036808927,TIDAK,,N/A — belum pre-portfolio,POSITIF — BELUM LOLOS v11 (sample gagal)
158,ZSCORE_REVERSION f89/s144 p1=1.3 p2=30.0 p3=1.0 off=1.25 exp=8,ZSCORE_REVERSION,D1,STOP,BOTH,5.5,24.5,3,66.66666666666667,5.205009056197376,34.35997,11.453323333333332,0.08171200000000682,1.1665332005673872,TIDAK,,N/A — belum pre-portfolio,POSITIF — BELUM LOLOS v11 (sample gagal)
159,BOLLINGER_REVERSION f89/s100 p1=2.2 p2=30.0 p3=1.0 off=1.25 exp=4,BOLLINGER_REVERSION,D1,STOP,SHORT_ONLY,6.5,25.0,3,66.66666666666667,4.745837694051979,34.35982,11.453273333333334,0.0917280000000028,1.1099488166416747,TIDAK,,N/A — belum pre-portfolio,POSITIF — BELUM LOLOS v11 (sample gagal)
160,KELTNER_BREAKOUT f7/s14 p1=2.8 p2=55.0 p3=1.0 off=1.5 exp=8,KELTNER_BREAKOUT,D1,LIMIT,SHORT_ONLY,14.0,21.5,4,75.0,2.863157900463044,34.24991,8.5624775,0.18346856463979788,0.9495391279059586,TIDAK,,N/A — belum pre-portfolio,POSITIF — BELUM LOLOS v11 (sample gagal)
161,MOMENTUM_RSI_ROC f50/s89 p1=1.8 p2=66.0 p3=1.0 off=3.5 exp=8,MOMENTUM_RSI_ROC,D1,LIMIT,SHORT_ONLY,8.0,8.0,31,74.19354838709677,1.360131669696364,34.17032999999972,1.1022687096774104,0.23981718135380517,0.7001416982968639,TIDAK,,N/A — belum pre-portfolio,POSITIF — BELUM LOLOS v11 (sample gagal)
162,BOLLINGER_REVERSION f89/s144 p1=1.2 p2=30.0 p3=1.0 off=2.5 exp=3,BOLLINGER_REVERSION,D1,STOP,SHORT_ONLY,6.0,24.5,3,66.66666666666667,4.906354974160206,33.86341,11.287803333333335,0.08668799999999464,1.130565711558434,TIDAK,,N/A — belum pre-portfolio,POSITIF — BELUM LOLOS v11 (sample gagal)
163,ZSCORE_REVERSION f34/s89 p1=1.0 p2=25.0 p3=1.0 off=2.5 exp=5,ZSCORE_REVERSION,D1,STOP,LONG_ONLY,16.5,18.5,7,71.42857142857143,1.8244358746789613,33.58976,4.798537142857143,0.40742720000000193,0.7383437330228666,TIDAK,,N/A — belum pre-portfolio,POSITIF — BELUM LOLOS v11 (sample gagal)
164,ZSCORE_REVERSION f26/s34 p1=0.7 p2=25.0 p3=1.0 off=2.25 exp=4,ZSCORE_REVERSION,D1,LIMIT,LONG_ONLY,15.0,23.5,23,52.17391304347826,1.1611674800283347,33.56394000000003,1.4593017391304361,0.5776953233875657,0.3498073018046827,TIDAK,,N/A — belum pre-portfolio,POSITIF — BELUM LOLOS v11 (sample gagal)
165,BOLLINGER_REVERSION f34/s89 p1=1.5 p2=25.0 p3=1.0 off=5.0 exp=4,BOLLINGER_REVERSION,D1,LIMIT,LONG_ONLY,8.5,9.5,9,88.88888888888889,3.7107532171616473,33.501439999999995,3.7223822222222216,0.12324168552606181,1.8507964911133197,TIDAK,,N/A — belum pre-portfolio,POSITIF — BELUM LOLOS v11 (sample gagal)
166,KELTNER_BREAKOUT f13/s14 p1=2.8 p2=55.0 p3=1.0 off=0.75 exp=5,KELTNER_BREAKOUT,D1,LIMIT,SHORT_ONLY,20.0,25.0,10,60.0,1.353724534754935,33.253119999999996,3.3253119999999994,0.2622245503019376,0.4551852807863417,TIDAK,,N/A — belum pre-portfolio,POSITIF — BELUM LOLOS v11 (sample gagal)
167,HYBRID f89/s100 p1=55.0 p2=66.0 p3=1.0 off=1.75 exp=2,HYBRID,D1,LIMIT,BOTH,12.5,23.5,38,44.73684210526316,1.0806409939639632,32.41879,0.853126052631579,1.3691999483327668,0.17917207306404376,TIDAK,,N/A — belum pre-portfolio,POSITIF — BELUM LOLOS v11 (sample gagal)
168,BOLLINGER_REVERSION f34/s89 p1=1.8 p2=25.0 p3=1.0 off=4.5 exp=5,BOLLINGER_REVERSION,D1,LIMIT,LONG_ONLY,13.0,13.5,6,83.33333333333333,2.9225160910592565,32.40224,5.4003733333333335,0.16837931749933704,1.213125017172492,TIDAK,,N/A — belum pre-portfolio,POSITIF — BELUM LOLOS v11 (sample gagal)
169,ZSCORE_REVERSION f34/s144 p1=1.7 p2=25.0 p3=1.0 off=3.75 exp=8,ZSCORE_REVERSION,D1,LIMIT,LONG_ONLY,6.0,12.5,10,70.0,2.092023015208406,32.34048,3.234048,0.12418400000000474,1.1305772002267493,TIDAK,,N/A — belum pre-portfolio,POSITIF — BELUM LOLOS v11 (sample gagal)
170,PRICE_STRUCTURE f10/s144 p1=66.0 p2=62.0 p3=1.0 off=3.75 exp=6,PRICE_STRUCTURE,D1,LIMIT,SHORT_ONLY,15.0,24.0,23,52.17391304347826,1.1467757130780356,32.227739999999855,1.4012060869565155,0.516294431359979,0.31825948510337504,TIDAK,,N/A — belum pre-portfolio,POSITIF — BELUM LOLOS v11 (sample gagal)
171,ZSCORE_REVERSION f26/s55 p1=2.1 p2=30.0 p3=1.0 off=2.75 exp=3,ZSCORE_REVERSION,D1,LIMIT,LONG_ONLY,11.5,11.5,31,70.96774193548387,1.2234358442123663,32.11627499999972,1.0360088709677329,0.5228470478332523,0.5159073601629357,TIDAK,,N/A — belum pre-portfolio,POSITIF — BELUM LOLOS v11 (sample gagal)
172,ZSCORE_REVERSION f3/s10 p1=2.7 p2=25.0 p3=1.0 off=3.25 exp=8,ZSCORE_REVERSION,D1,LIMIT,SHORT_ONLY,6.5,23.0,7,57.142857142857146,1.7484710770780483,32.09923,4.585604285714285,0.1960960180981023,0.6764828211273389,TIDAK,,N/A — belum pre-portfolio,POSITIF — BELUM LOLOS v11 (sample gagal)
173,BOLLINGER_REVERSION f26/s144 p1=1.5 p2=25.0 p3=1.0 off=3.0 exp=4,BOLLINGER_REVERSION,D1,STOP,LONG_ONLY,21.0,24.0,19,57.89473684210526,1.159515285721355,31.977940000000082,1.6830494736842148,0.7831963982245742,0.31269616755811536,TIDAK,,N/A — belum pre-portfolio,POSITIF — BELUM LOLOS v11 (sample gagal)
174,BOLLINGER_REVERSION f10/s144 p1=3.0 p2=35.0 p3=1.0 off=1.0 exp=8,BOLLINGER_REVERSION,D1,LIMIT,LONG_ONLY,20.0,25.0,8,62.5,1.4494561917788535,31.90694,3.9883675,0.7083136238369185,0.4920027882294764,TIDAK,,N/A — belum pre-portfolio,POSITIF — BELUM LOLOS v11 (sample gagal)
175,ZSCORE_REVERSION f34/s144 p1=2.1 p2=25.0 p3=1.0 off=3.75 exp=4,ZSCORE_REVERSION,D1,LIMIT,LONG_ONLY,11.5,15.5,5,80.0,3.0674945048076423,31.7544,6.35088,0.15341107633628365,1.1700390986641045,TIDAK,,N/A — belum pre-portfolio,POSITIF — BELUM LOLOS v11 (sample gagal)
176,KELTNER_BREAKOUT f3/s5 p1=1.2 p2=55.0 p3=1.0 off=4.25 exp=5,KELTNER_BREAKOUT,D1,LIMIT,SHORT_ONLY,11.0,21.5,17,52.94117647058823,1.2464539911965995,31.630789999999994,1.8606347058823527,0.4641647498001427,0.43669704145004673,TIDAK,,N/A — belum pre-portfolio,POSITIF — BELUM LOLOS v11 (sample gagal)
177,ZSCORE_REVERSION f34/s89 p1=1.3 p2=25.0 p3=1.0 off=5.0 exp=3,ZSCORE_REVERSION,D1,LIMIT,LONG_ONLY,11.5,13.0,6,83.33333333333333,3.02896980054605,31.15264,5.192106666666667,0.1532602858969797,1.2632280868183967,TIDAK,,N/A — belum pre-portfolio,POSITIF — BELUM LOLOS v11 (sample gagal)
178,CANDLE_ENGULFING f13/s144 p1=52.0 p2=66.0 p3=1.0 off=2.0 exp=8,CANDLE_ENGULFING,D1,LIMIT,BOTH,13.5,25.0,221,46.60633484162896,1.0144476248137042,31.085690000000056,0.14065923076923104,3.6652239194402614,0.10232778236221088,TIDAK,,N/A — belum pre-portfolio,POSITIF — BELUM LOLOS v11 (sample gagal)
179,BOLLINGER_REVERSION f34/s55 p1=1.8 p2=25.0 p3=1.0 off=3.25 exp=3,BOLLINGER_REVERSION,D1,LIMIT,LONG_ONLY,11.5,11.5,4,100.0,0.0,30.731519999999996,7.682879999999999,0.0,121.26002444874572,TIDAK,,N/A — belum pre-portfolio,POSITIF — BELUM LOLOS v11 (sample gagal)
180,ZSCORE_REVERSION f8/s10 p1=2.7 p2=25.0 p3=1.0 off=4.0 exp=1,ZSCORE_REVERSION,D1,LIMIT,SHORT_ONLY,12.0,22.5,6,66.66666666666667,1.892177688773266,30.50848,5.084746666666667,0.17632094417103114,0.7217168794256429,TIDAK,,N/A — belum pre-portfolio,POSITIF — BELUM LOLOS v11 (sample gagal)
181,DONCHIAN f34/s144 p1=55.0 p2=52.0 p3=1.0 off=3.0 exp=4,DONCHIAN,D1,LIMIT,SHORT_ONLY,19.5,23.5,24,58.333333333333336,1.1206220619153784,29.44901999999999,1.2270424999999996,0.4970095020935858,0.27045314401089493,TIDAK,,N/A — belum pre-portfolio,POSITIF — BELUM LOLOS v11 (sample gagal)
182,PRICE_STRUCTURE f20/s144 p1=66.0 p2=66.0 p3=1.0 off=3.5 exp=4,PRICE_STRUCTURE,D1,LIMIT,SHORT_ONLY,21.0,21.0,22,63.63636363636363,1.1398997626258334,29.314959999999886,1.3324981818181767,0.5452632000000085,0.29216894887370626,TIDAK,,N/A — belum pre-portfolio,POSITIF — BELUM LOLOS v11 (sample gagal)
183,ZSCORE_REVERSION f34/s100 p1=2.1 p2=25.0 p3=1.0 off=3.5 exp=4,ZSCORE_REVERSION,D1,LIMIT,LONG_ONLY,15.0,15.5,5,80.0,2.4986676623839505,28.256,5.6512,0.18832264704567203,0.9223819192621969,TIDAK,,N/A — belum pre-portfolio,POSITIF — BELUM LOLOS v11 (sample gagal)
184,BOLLINGER_REVERSION f34/s144 p1=1.2 p2=25.0 p3=1.0 off=4.25 exp=7,BOLLINGER_REVERSION,D1,STOP,LONG_ONLY,18.0,18.0,7,71.42857142857143,1.6413697006934078,28.059359999999995,4.00848,0.4374912000000041,0.5997860991632371,TIDAK,,N/A — belum pre-portfolio,POSITIF — BELUM LOLOS v11 (sample gagal)
185,BOLLINGER_REVERSION f89/s100 p1=1.2 p2=30.0 p3=1.0 off=5.0 exp=2,BOLLINGER_REVERSION,D1,STOP,BOTH,11.0,24.0,3,66.66666666666667,3.03883735221819,27.86846,9.289486666666667,0.13668799999999465,0.8088832567410216,TIDAK,,N/A — belum pre-portfolio,POSITIF — BELUM LOLOS v11 (sample gagal)
186,BOLLINGER_REVERSION f55/s144 p1=3.0 p2=40.0 p3=1.0 off=2.5 exp=8,BOLLINGER_REVERSION,D1,LIMIT,LONG_ONLY,18.5,23.0,6,66.66666666666667,1.608612198863756,27.801600000000004,4.6336,0.27105600000000774,0.5330272091901169,TIDAK,,N/A — belum pre-portfolio,POSITIF — BELUM LOLOS v11 (sample gagal)
187,MOMENTUM_RSI_ROC f50/s100 p1=2.5 p2=66.0 p3=1.0 off=2.75 exp=6,MOMENTUM_RSI_ROC,D1,LIMIT,SHORT_ONLY,10.5,13.0,36,63.888888888888886,1.1444685147705154,26.964690000000044,0.7490191666666679,0.4547445869119487,0.38992505662932675,TIDAK,,N/A — belum pre-portfolio,POSITIF — BELUM LOLOS v11 (sample gagal)
188,CANDLE_ENGULFING f21/s144 p1=52.0 p2=52.0 p3=1.0 off=0.5 exp=7,CANDLE_ENGULFING,D1,LIMIT,LONG_ONLY,19.0,19.0,174,62.06896551724138,1.0171163832209853,26.734030000000217,0.15364385057471389,2.66414587354526,0.10688704820413406,TIDAK,,N/A — belum pre-portfolio,POSITIF — BELUM LOLOS v11 (sample gagal)
189,BOLLINGER_REVERSION f34/s144 p1=3.0 p2=40.0 p3=1.0 off=2.25 exp=6,BOLLINGER_REVERSION,D1,LIMIT,LONG_ONLY,24.0,25.0,6,66.66666666666667,1.470681411842462,26.66301,4.443835,0.5652099446473771,0.4284634179811623,TIDAK,,N/A — belum pre-portfolio,POSITIF — BELUM LOLOS v11 (sample gagal)
190,ZSCORE_REVERSION f26/s144 p1=0.7 p2=25.0 p3=1.0 off=1.75 exp=2,ZSCORE_REVERSION,D1,STOP,LONG_ONLY,12.0,23.0,28,46.42857142857143,1.111450878065433,26.41849000000008,0.9435175000000029,0.9179617579543671,0.27174994892495963,TIDAK,,N/A — belum pre-portfolio,POSITIF — BELUM LOLOS v11 (sample gagal)
191,ZSCORE_REVERSION f34/s50 p1=0.7 p2=25.0 p3=1.0 off=4.75 exp=7,ZSCORE_REVERSION,D1,LIMIT,LONG_ONLY,8.0,10.0,10,80.0,2.111768750589853,26.387520000000002,2.638752,0.11874400000000607,1.0911164312537072,TIDAK,,N/A — belum pre-portfolio,POSITIF — BELUM LOLOS v11 (sample gagal)
192,HYBRID f89/s144 p1=52.0 p2=66.0 p3=1.0 off=4.75 exp=7,HYBRID,D1,LIMIT,BOTH,6.5,6.5,42,45.23809523809524,1.0928743990734564,26.188449999999953,0.6235345238095227,1.3890337370079346,0.15302406995159584,TIDAK,,N/A — belum pre-portfolio,POSITIF — BELUM LOLOS v11 (sample gagal)
193,MOMENTUM_RSI_ROC f50/s55 p1=1.8 p2=66.0 p3=1.0 off=4.75 exp=4,MOMENTUM_RSI_ROC,D1,LIMIT,SHORT_ONLY,8.0,23.0,24,41.666666666666664,1.1566967015088683,25.991390000000024,1.0829745833333344,0.684022100000002,0.33935512352318525,TIDAK,,N/A — belum pre-portfolio,POSITIF — BELUM LOLOS v11 (sample gagal)
194,ZSCORE_REVERSION f5/s10 p1=2.7 p2=25.0 p3=1.0 off=4.5 exp=1,ZSCORE_REVERSION,D1,LIMIT,SHORT_ONLY,11.5,25.0,5,60.0,1.7712765444713279,25.60416,5.120832,0.17120965009114292,0.5770239156313676,TIDAK,,N/A — belum pre-portfolio,POSITIF — BELUM LOLOS v11 (sample gagal)
195,ZSCORE_REVERSION f26/s144 p1=2.1 p2=25.0 p3=1.0 off=4.25 exp=3,ZSCORE_REVERSION,D1,LIMIT,LONG_ONLY,22.0,22.0,13,61.53846153846154,1.1968877460953127,25.518290000000032,1.962945384615387,0.7788155089689462,0.3065082014404096,TIDAK,,N/A — belum pre-portfolio,POSITIF — BELUM LOLOS v11 (sample gagal)
196,BOLLINGER_REVERSION f8/s89 p1=3.0 p2=25.0 p3=1.0 off=0.5 exp=1,BOLLINGER_REVERSION,D1,STOP,LONG_ONLY,25.0,25.0,11,63.63636363636363,1.2126540711603695,25.136799999999997,2.2851636363636363,0.5847102080517901,0.30001056481494837,TIDAK,,N/A — belum pre-portfolio,POSITIF — BELUM LOLOS v11 (sample gagal)
197,KELTNER_BREAKOUT f8/s10 p1=2.2 p2=55.0 p3=1.0 off=3.5 exp=7,KELTNER_BREAKOUT,D1,LIMIT,SHORT_ONLY,25.0,25.0,11,63.63636363636363,1.1954629175354021,24.89213999999987,2.2629218181818063,0.7025450262047237,0.2741215301320238,TIDAK,,N/A — belum pre-portfolio,POSITIF — BELUM LOLOS v11 (sample gagal)
198,BOLLINGER_REVERSION f3/s55 p1=3.0 p2=30.0 p3=1.0 off=3.5 exp=8,BOLLINGER_REVERSION,D1,LIMIT,LONG_ONLY,7.0,9.0,19,47.36842105263158,1.1937133260693562,24.804480000000268,1.305498947368435,0.912529112586008,0.2379178813343022,TIDAK,,N/A — belum pre-portfolio,POSITIF — BELUM LOLOS v11 (sample gagal)
199,BOLLINGER_REVERSION f3/s144 p1=3.0 p2=40.0 p3=1.0 off=2.0 exp=5,BOLLINGER_REVERSION,D1,LIMIT,LONG_ONLY,10.5,23.0,8,50.0,1.4190224694898343,24.685590000000047,3.085698750000006,0.27602217753868785,0.4552790006768122,TIDAK,,N/A — belum pre-portfolio,POSITIF — BELUM LOLOS v11 (sample gagal)
200,MOMENTUM_RSI_ROC f89/s100 p1=0.3 p2=66.0 p3=1.0 off=5.0 exp=5,MOMENTUM_RSI_ROC,D1,LIMIT,LONG_ONLY,15.0,22.0,29,44.827586206896555,1.069524112548059,24.560380000000027,0.8469096551724147,1.1674492572861972,0.13226187511034224,TIDAK,,N/A — belum pre-portfolio,POSITIF — BELUM LOLOS v11 (sample gagal)
