audit_rank,origin,stem,config_hash,method,family,timeframe,entry_method,direction_mode,sl_pips,tp_pips,total_entry,win_rate_pct,profit_factor_net,net_profit_usd,ev_per_trade_usd,avg_win_loss_ratio,max_dd_pct,recovery_factor,max_consecutive_loss,sqn,oos_profit_factor,monte_carlo_pass,probability_positive_pct,mc_95pct_max_drawdown_pct,positive_years_pct,worst_year,worst_year_net_profit_usd,backtest_start_utc,backtest_end_utc,history_years,sample_v11,correlation_max,correlation_gate,execution_hash,dataset_rows,dataset_sha256,verification_status
1,STRICT,rank01_donchian_f3_s89_off3_exp4,13f689142dff69d33b2c6b33c3652aec484046d059d64636e4639f2d4a5bd295,DONCHIAN f3/s89 p1=66.0 p2=55.0 p3=1.0 off=3.0 exp=4,DONCHIAN,D1,LIMIT,BOTH,2300.0,2350.0,127,67.71653543307086,1.37233128481679,43692.940000000024,344.03889763779546,0.654250961366144,34.70000125069698,2.130006372526847,4,1.7267246203918705,0.8350764632370943,True,95.48,179.7129245760988,62.96296296296296,2026,-10382.496000000001,2000-10-23 00:00:00+00:00,2026-08-27 00:00:00+00:00,25.842573579739906,127/300 FAIL,0.0,PASS,845ed460fb83c394a0cbc604973946bd,6500,817f128232b2ce4d84269d328a6c8ec279307792bda2cc06947e6f9378369fca,PASS
2,STRICT,rank02_candle_engulfing_f34_s144_off2_75_exp8,7c00212eb6bd65ad07e432d4a261d3f3240478d4d4698cf57e99c549684b61cb,CANDLE_ENGULFING f34/s144 p1=66.0 p2=58.0 p3=1.0 off=2.75 exp=8,CANDLE_ENGULFING,D1,LIMIT,LONG_ONLY,2350.0,2350.0,148,65.54054054054055,1.2641504115793922,38273.57900000003,258.6052635135137,0.6646564019644228,44.68204235724034,2.0805543922500815,5,1.3824758652323004,1.0451049200392055,False,91.67,220.60186588585367,59.25925925925926,2012,-10951.168,2000-10-23 00:00:00+00:00,2026-08-27 00:00:00+00:00,25.842573579739906,148/300 FAIL,0.1456444578560378,PASS,e967b6ecbf3344d42515fb756b317fc3,6500,817f128232b2ce4d84269d328a6c8ec279307792bda2cc06947e6f9378369fca,PASS
3,STRICT,rank03_donchian_f3_s100_off1_exp7,860c7a7defb867ad594b594e41f4a5157b3dc4262a1b1bd69c978298130ac57c,DONCHIAN f3/s100 p1=55.0 p2=58.0 p3=1.0 off=1.0 exp=7,DONCHIAN,D1,LIMIT,BOTH,2200.0,2300.0,126,65.07936507936508,1.2249578259285974,27572.409,218.82864285714285,0.6572944431811987,41.484508709379774,1.035119702992777,3,1.0999765389846419,0.5593902622862027,False,86.08,230.2683252748391,55.55555555555556,2026,-10133.760000000002,2000-10-23 00:00:00+00:00,2026-08-27 00:00:00+00:00,25.842573579739906,126/300 FAIL,0.32284137753298675,PASS,c146c25a43df2314e266cdd34be0e49f,6500,817f128232b2ce4d84269d328a6c8ec279307792bda2cc06947e6f9378369fca,PASS
4,MULTI,multi_auto_support_resistance_f0781115f863,f0781115f863165fffd6bb966835546a8b4938f63aaf68ef38e0d0a63fedc7c2,SUPPORT_RESISTANCE f3/s21 p1=0.7 p2=55.0 p3=1.0 off=2.25 exp=8,SUPPORT_RESISTANCE,D1,LIMIT,LONG_ONLY,2150.0,800.0,141,87.94326241134752,1.5142836938270536,21679.372999999923,153.75441843971578,0.2076034096375799,17.93482269334624,3.6300042931735015,3,1.5701695030034288,0.7766109175000706,False,93.92,119.6614432085113,70.37037037037037,2026,-4465.136000000019,2000-10-23 00:00:00+00:00,2026-08-27 00:00:00+00:00,25.842573579739906,141/300 FAIL,0.0,PASS,45a9b0c688b05cf463c39c6c4da77ad4,6500,817f128232b2ce4d84269d328a6c8ec279307792bda2cc06947e6f9378369fca,PASS
5,MULTI,multi_auto_support_resistance_6b892b882269,6b892b882269e2aaa2becad843d2fd78d915f1dffa0835a917b1dfce81b0e530,SUPPORT_RESISTANCE f3/s34 p1=1.0 p2=55.0 p3=1.0 off=0.75 exp=6,SUPPORT_RESISTANCE,D1,LIMIT,LONG_ONLY,2450.0,2450.0,127,67.71653543307086,1.4594848527788449,55750.30299999997,438.97876377952736,0.6958009181852631,23.164098358103306,2.8324284006636393,4,2.0875943732893325,0.5564011753691873,True,98.11,163.90407709173272,66.66666666666667,2018,-9389.44,2000-10-23 00:00:00+00:00,2026-08-27 00:00:00+00:00,25.842573579739906,127/300 FAIL,0.21252668203315103,PASS,72bc29a31a5de8f38592f839d6079008,6500,817f128232b2ce4d84269d328a6c8ec279307792bda2cc06947e6f9378369fca,PASS
6,MULTI,multi_auto_keltner_squeeze_e2b0227ed8f6,e2b0227ed8f6c2254ccf425ceef73ba28eab368389679e1705cf411fd641f00f,KELTNER_SQUEEZE f3/s100 p1=0.7 p2=0.5 p3=1.0 off=1.5 exp=12,KELTNER_SQUEEZE,D1,LIMIT,BOTH,2000.0,2450.0,102,64.70588235294117,1.455623667238729,40282.740000000034,394.9288235294121,0.7939765457665794,90.06930453773356,2.2477882999751833,5,1.867742136042195,1.027849178725234,True,96.58,148.24961176356837,62.96296296296296,2021,-7785.536,2000-10-23 00:00:00+00:00,2026-08-27 00:00:00+00:00,25.842573579739906,102/300 FAIL,0.05380526341802014,PASS,984879694e8fff3554ed53e66b8ca208,6500,817f128232b2ce4d84269d328a6c8ec279307792bda2cc06947e6f9378369fca,PASS
7,MULTI,multi_rank01_donchian_f3_s89_off4_75_exp3,8398c92b8fb894fd605c077b07863777b0e43160ea761f0dee51a40984efa5ef,DONCHIAN f3/s89 p1=58.0 p2=52.0 p3=1.0 off=4.75 exp=3,DONCHIAN,D1,LIMIT,BOTH,2400.0,2400.0,115,68.69565217391305,1.4329801731951763,45356.686500000054,394.40596956521784,0.6530036232281816,57.2634,3.8190859205545187,4,1.8680517594362454,1.1431100817833109,True,96.58,164.9438270921504,62.96296296296296,2026,-10631.28,2000-10-23 00:00:00+00:00,2026-08-27 00:00:00+00:00,25.842573579739906,115/300 FAIL,0.018317393883872615,PASS,c40072df462335412d0da7c8113a468b,6500,817f128232b2ce4d84269d328a6c8ec279307792bda2cc06947e6f9378369fca,PASS
8,MULTI,multi_chart_pattern_f3_s34_off1_25_exp8,4ff55b7bfa26f3cd3778faa661704fa1b1ed2e7767a249e5eab593352ca1b514,CHART_PATTERN f3/s34 p1=0.7 p2=55.0 p3=1.0 off=1.25 exp=8,CHART_PATTERN,D1,LIMIT,LONG_ONLY,2350.0,2400.0,105,65.71428571428571,1.318551418315105,33069.520999999986,314.9478190476189,0.6879398704252722,41.88309621949517,1.46718780169403,4,1.3770083934079176,1.189959977336564,False,90.81,199.62495049999995,62.96296296296296,2018,-9016.448,2000-10-23 00:00:00+00:00,2026-08-27 00:00:00+00:00,25.842573579739906,105/300 FAIL,0.3806156774218302,PASS,da1d5c43e58001f8766c6fd94663a8e6,6500,817f128232b2ce4d84269d328a6c8ec279307792bda2cc06947e6f9378369fca,PASS
9,MULTI,multi_bollinger_reversion_v2_f3_s14_off1_25_exp4,5b32ea7bda5439f27bc176bed6866ff72c74a109e0e7d51170a205d580017a81,BOLLINGER_REVERSION_V2 f3/s14 p1=1.5 p2=30.0 p3=1.0 off=1.25 exp=4,BOLLINGER_REVERSION_V2,D1,LIMIT,LONG_ONLY,2100.0,2500.0,107,60.74766355140187,1.3168676340412486,33597.39000000003,313.9942990654208,0.8508990866112683,46.68105729694503,1.3871571473869877,4,1.4108842513684676,1.346226677616622,False,91.72,190.78607129796185,66.66666666666667,2008,-9768.897,2000-10-23 00:00:00+00:00,2026-08-27 00:00:00+00:00,25.842573579739906,107/300 FAIL,0.28647259744799536,PASS,fa72cc72b52d2fe058e82a40b75e19be,6500,817f128232b2ce4d84269d328a6c8ec279307792bda2cc06947e6f9378369fca,PASS
10,MULTI,multi_candle_engulfing_f21_s144_off5_exp8,c8598fa098e7c37d0e0c8cd5d6408eff10d2cca5f54c9c5b1c56c8fe6c909291,CANDLE_ENGULFING f21/s144 p1=66.0 p2=62.0 p3=1.0 off=5.0 exp=8,CANDLE_ENGULFING,D1,LIMIT,LONG_ONLY,1800.0,2500.0,138,59.42028985507246,1.282774102081588,36574.42200000003,265.0320434782611,0.87604085020206,30.8667459569011,2.480038813305564,5,1.4448837071668819,1.1335633289656286,False,92.58999999999999,201.85967285822053,62.96296296296296,2012,-7800.640000000005,2000-10-23 00:00:00+00:00,2026-08-27 00:00:00+00:00,25.842573579739906,138/300 FAIL,0.1395455183364189,PASS,c5717549f8a84684f2fda7b8f0e5db3e,6500,817f128232b2ce4d84269d328a6c8ec279307792bda2cc06947e6f9378369fca,PASS
11,MULTI,multi_candle_engulfing_f34_s144_off1_75_exp10,7a11760c49f5b9f030703bad55649258355b18dea4bc1971c43ae33553a13b64,CANDLE_ENGULFING f34/s144 p1=66.0 p2=58.0 p3=1.0 off=1.75 exp=10,CANDLE_ENGULFING,D1,LIMIT,LONG_ONLY,2200.0,2400.0,158,63.29113924050633,1.2694217929937568,41982.042000000016,265.7091265822786,0.7362646399363789,40.43522519854717,1.6560085335120702,8,1.4648845609683883,1.1794521369944506,False,92.88,217.4492637454644,62.96296296296296,2012,-14696.0,2000-10-23 00:00:00+00:00,2026-08-27 00:00:00+00:00,25.842573579739906,158/300 FAIL,0.48771860876497847,PASS,bdc4c8f9b29d7c2e18790498d1fcd697,6500,817f128232b2ce4d84269d328a6c8ec279307792bda2cc06947e6f9378369fca,PASS
12,MULTI,multi_volume_f50_s100_off1_exp5,09fb362cbb4fcbc244e2c5e9d3ec336466e6b63f391328af656f24482c15290d,VOLUME f50/s100 p1=1.4 p2=55.0 p3=1.0 off=1.0 exp=5,VOLUME,D1,LIMIT,BOTH,2500.0,1800.0,114,71.05263157894737,1.2287013980538433,22933.679000000036,201.17262280701786,0.5005820510589731,55.718995154469695,1.302983609470796,4,0.9019685769259572,1.0468814928712769,False,81.57,249.05987799999983,62.96296296296296,2008,-8352.976,2000-10-23 00:00:00+00:00,2026-08-27 00:00:00+00:00,25.842573579739906,114/300 FAIL,0.1730289263331819,PASS,0ad93afe0fcf0736885d98bf5c53f232,6500,817f128232b2ce4d84269d328a6c8ec279307792bda2cc06947e6f9378369fca,PASS
13,MULTI,multi_bollinger_reversion_v2_f8_s13_off0_5_exp5,0b27901d1ce62559b1b7efa0c30bf8005edf5addd2b68d398b2d8b6a34eb09c6,BOLLINGER_REVERSION_V2 f8/s13 p1=1.5 p2=30.0 p3=1.0 off=0.5 exp=5,BOLLINGER_REVERSION_V2,D1,LIMIT,LONG_ONLY,1900.0,1800.0,129,65.11627906976744,1.217568175138416,23281.02400000005,180.47305426356627,0.6522686652527228,42.63220035057319,1.3753201850315062,4,1.0014851541268472,1.079499624465891,False,84.39999999999999,222.52291129579996,66.66666666666667,2008,-7101.892,2000-10-23 00:00:00+00:00,2026-08-27 00:00:00+00:00,25.842573579739906,129/300 FAIL,0.1580292513324483,PASS,748b35c8e08a79aa789215bee1bc9898,6500,817f128232b2ce4d84269d328a6c8ec279307792bda2cc06947e6f9378369fca,PASS
14,MULTI,multi_auto_regression_channel_breakout_646ce27b6990,646ce27b699055e0853e47d5cdfc92a32df77d0fef2f3169772560d73a896fe2,REGRESSION_CHANNEL_BREAKOUT f10/s21 p1=0.02 p2=1.0 p3=1.0 off=4.25 exp=8,REGRESSION_CHANNEL_BREAKOUT,D1,LIMIT,LONG_ONLY,2500.0,2500.0,416,60.09615384615385,1.050058981711895,26021.937,62.55273317307693,0.6972391638566984,59.46170857279442,0.49249362720560974,8,0.440003228101977,0.8714549770691523,False,66.64,613.5740362412539,66.66666666666667,2026,-38258.49599999993,2000-10-23 00:00:00+00:00,2026-08-27 00:00:00+00:00,25.842573579739906,416/300 PASS,0.16945604410345663,PASS,1b76452f85313987acb35b3c5fb75c9c,6500,817f128232b2ce4d84269d328a6c8ec279307792bda2cc06947e6f9378369fca,PASS
15,MULTI,multi_auto_chart_pattern_f23d12e95935,f23d12e95935bbccb64b50925058a0e251df137d9a30dd4c60e3fd2f4ef4e743,CHART_PATTERN f5/s10 p1=0.5 p2=55.0 p3=1.0 off=1.25 exp=3,CHART_PATTERN,D1,LIMIT,LONG_ONLY,2450.0,2450.0,111,68.46846846846847,1.4436366605669364,46365.234000000004,417.70481081081084,0.6648326726295102,33.0284490173618,2.8684882274100514,3,1.8840417148744641,1.0401029486370441,True,97.06,164.84913814957108,51.851851851851855,2010,-7194.224,2000-10-23 00:00:00+00:00,2026-08-27 00:00:00+00:00,25.842573579739906,111/300 FAIL,0.2552743802754568,PASS,2adda89e6cf79fda14c12bd16b3d13d2,6500,817f128232b2ce4d84269d328a6c8ec279307792bda2cc06947e6f9378369fca,PASS
16,MULTI,multi_auto_chart_pattern_fe679a1d8c65,fe679a1d8c652f7fdeec58a605252c3eafdaa675547cdaebf587e0208285b650,CHART_PATTERN f5/s34 p1=1.0 p2=55.0 p3=1.0 off=2.25 exp=8,CHART_PATTERN,D1,LIMIT,LONG_ONLY,2300.0,1900.0,130,72.3076923076923,1.4017886713678256,40336.18949999998,310.2783807692306,0.536855235842997,31.195541135167538,2.7757538803667785,4,1.8117584031152494,0.9713176309404149,True,96.22,156.87293999999983,70.37037037037037,2013,-13165.82400000001,2000-10-23 00:00:00+00:00,2026-08-27 00:00:00+00:00,25.842573579739906,130/300 FAIL,0.2986137466012509,PASS,8c5f7efd95cdc12f89381f7776d75d6f,6500,817f128232b2ce4d84269d328a6c8ec279307792bda2cc06947e6f9378369fca,PASS
17,MULTI,multi_chart_pattern_f3_s26_off4_exp3,22929b50777d39e2cd417bc7c46a4d9b9ac48c58712a24754172ca0697a83931,CHART_PATTERN f3/s26 p1=0.7 p2=55.0 p3=1.0 off=4.0 exp=3,CHART_PATTERN,D1,LIMIT,LONG_ONLY,1950.0,2500.0,122,62.295081967213115,1.394382170429821,44597.74899999999,365.5553196721311,0.8439681557864704,25.257465549171247,3.4561181804091765,4,1.8120043630093652,1.3526093658250145,True,96.50999999999999,160.31548244032197,59.25925925925926,2021,-6771.904,2000-10-23 00:00:00+00:00,2026-08-27 00:00:00+00:00,25.842573579739906,122/300 FAIL,0.4925696498366357,PASS,f61558d9121957b07516a668ca7cf978,6500,817f128232b2ce4d84269d328a6c8ec279307792bda2cc06947e6f9378369fca,PASS
18,MULTI,multi_auto_fib_pullback_0fe793f15f2d,0fe793f15f2d580c87d5a6f2da1c327efed9c9c018ae5ffe1cdb93a2ab5c34bc,FIB_PULLBACK f5/s8 p1=0.382 p2=5.0 p3=1.0 off=2.0 exp=7,FIB_PULLBACK,D1,LIMIT,LONG_ONLY,2300.0,2500.0,112,63.392857142857146,1.3125590390349269,36267.94999999997,323.82098214285685,0.7579566281750987,26.11289225325762,2.267263811148939,4,1.4065459747304472,0.941577081047985,False,92.07,203.9056412741089,70.37037037037037,2015,-8535.712,2000-10-23 00:00:00+00:00,2026-08-27 00:00:00+00:00,25.842573579739906,112/300 FAIL,0.2927735675386445,PASS,fe1144fea8b797e215b212bdb7785006,6500,817f128232b2ce4d84269d328a6c8ec279307792bda2cc06947e6f9378369fca,PASS
19,MULTI,multi_volume_f13_s144_off4_75_exp8,e0c3f07796453a518fb37bb614058e586c950bbe20c982963004528d7c412cb3,VOLUME f13/s144 p1=1.4 p2=55.0 p3=1.0 off=4.75 exp=8,VOLUME,D1,LIMIT,BOTH,2400.0,2450.0,108,63.888888888888886,1.3042772588957148,35008.341000000066,324.1513055555562,0.7372001898106214,47.945233186166384,2.1356675579835946,4,1.2254643243613557,1.442246105535469,False,89.34,231.38844642172762,55.55555555555556,2008,-8556.547,2000-10-23 00:00:00+00:00,2026-08-27 00:00:00+00:00,25.842573579739906,108/300 FAIL,0.3438997663390403,PASS,e3f6ba758d451c892cf9d873f1a62818,6500,817f128232b2ce4d84269d328a6c8ec279307792bda2cc06947e6f9378369fca,PASS
20,MULTI,multi_auto_volatility_d7adc8e5c379,d7adc8e5c379957dcea77624ed18e934334f83c393dc52583d3b20a9d74b4648,VOLATILITY f3/s8 p1=1.2 p2=55.0 p3=1.0 off=2.25 exp=12,VOLATILITY,D1,LIMIT,LONG_ONLY,2500.0,2500.0,133,65.41353383458646,1.25146311868253,35614.292000000045,267.77663157894773,0.6616931432114528,47.553290737923284,1.4482799062021383,3,1.2477890452195766,1.1493130879308295,False,89.34,240.18259197315422,59.25925925925926,2015,-14528.448,2000-10-23 00:00:00+00:00,2026-08-27 00:00:00+00:00,25.842573579739906,133/300 FAIL,0.22193606566819338,PASS,bc46d466f89f6b700d679359816d9f43,6500,817f128232b2ce4d84269d328a6c8ec279307792bda2cc06947e6f9378369fca,PASS
21,MULTI,multi_auto_volatility_768bf13a624d,768bf13a624db8c64c72d4fdc5db08b68c9cbb9372a67d8bfa83d598e82d73c8,VOLATILITY f3/s13 p1=1.2 p2=55.0 p3=1.0 off=2.0 exp=11,VOLATILITY,D1,LIMIT,LONG_ONLY,2300.0,2450.0,137,62.77372262773723,1.2509240986201946,36773.56400000005,268.4201751824821,0.7418270817398828,41.35717013050976,1.429151872602121,4,1.1857471202108665,1.1089886699878868,False,89.08,250.05478437058588,59.25925925925926,2026,-11760.095999999965,2000-10-23 00:00:00+00:00,2026-08-27 00:00:00+00:00,25.842573579739906,137/300 FAIL,0.440776015664704,PASS,c2084b44d3f17b47e0f664889800762d,6500,817f128232b2ce4d84269d328a6c8ec279307792bda2cc06947e6f9378369fca,PASS
22,MULTI,multi_volatility_regime_f5_s13_off2_25_exp10,1d77941a57cf39eb393cb22ecf54207970e49fc4075ad95093e5a7188dbfd587,VOLATILITY_REGIME f5/s13 p1=1.2 p2=0.8 p3=1.0 off=2.25 exp=10,VOLATILITY_REGIME,D1,LIMIT,LONG_ONLY,2350.0,2400.0,121,63.63636363636363,1.248718856317866,31724.017000000065,262.1819586776865,0.7135536321816377,50.006905256175806,1.4262231146926645,5,1.0922407865294606,1.0119574312894288,False,86.8,246.29514289505212,55.55555555555556,2016,-8414.16,2000-10-23 00:00:00+00:00,2026-08-27 00:00:00+00:00,25.842573579739906,121/300 FAIL,0.3842148419979131,PASS,5cb554efe0fefad16df9af1871a18d87,6500,817f128232b2ce4d84269d328a6c8ec279307792bda2cc06947e6f9378369fca,PASS
23,MULTI,multi_auto_bollinger_reversion_v2_7ef8a96712bb,7ef8a96712bb1fbfe48aae1c932cb47bcc08e293e28343fd928743d159b9e68e,BOLLINGER_REVERSION_V2 f5/s14 p1=1.5 p2=25.0 p3=1.0 off=0.5 exp=4,BOLLINGER_REVERSION_V2,D1,LIMIT,LONG_ONLY,1950.0,2300.0,102,60.78431372549019,1.2322677467182956,22648.693000000017,222.04600980392175,0.7950114494956746,38.41378469922949,1.3013785755787766,5,1.037854664469071,0.6596177877825621,False,85.11999999999999,215.8156081264492,62.96296296296296,2022,-8985.92,2000-10-23 00:00:00+00:00,2026-08-27 00:00:00+00:00,25.842573579739906,102/300 FAIL,0.3725172541108269,PASS,32c76bf118b16768402b088ec18fb86b,6500,817f128232b2ce4d84269d328a6c8ec279307792bda2cc06947e6f9378369fca,PASS
24,MULTI,multi_chart_pattern_f5_s20_off3_exp4,9331592e94eaa3bf1186c511e39d9e834cc3c8d371c6084a0adf79adde392e6a,CHART_PATTERN f5/s20 p1=0.7 p2=55.0 p3=1.0 off=3.0 exp=4,CHART_PATTERN,D1,LIMIT,LONG_ONLY,2300.0,2450.0,110,63.63636363636363,1.229077569873815,25795.079999999994,234.50072727272723,0.7023300399278942,33.6934478832002,1.9270169705459794,2,1.054741098087401,1.176481093290834,False,85.39,230.88264812741443,55.55555555555556,2013,-10205.28,2000-10-23 00:00:00+00:00,2026-08-27 00:00:00+00:00,25.842573579739906,110/300 FAIL,0.3999457782884536,PASS,83335685756e8c9d3d7eaef42417fd8d,6500,817f128232b2ce4d84269d328a6c8ec279307792bda2cc06947e6f9378369fca,PASS
25,MULTI,multi_volatility_regime_f5_s7_off0_5_exp2,aa120bcd581bc34cb29382a46a1a39b51ccf83476f639c4cf178926701577dd3,VOLATILITY_REGIME f5/s7 p1=1.1 p2=0.8 p3=1.0 off=0.5 exp=2,VOLATILITY_REGIME,D1,LIMIT,LONG_ONLY,2200.0,2500.0,124,58.87096774193548,1.1645538279989995,22555.461000000032,181.89887903225832,0.8135924003828627,71.35635277688101,1.1202998656859704,7,0.7719522984303292,1.0549910283351092,False,78.44,294.9569554993115,62.96296296296296,2008,-15121.542,2000-10-23 00:00:00+00:00,2026-08-27 00:00:00+00:00,25.842573579739906,124/300 FAIL,0.35405846711341166,PASS,617a49da73e39d2f840f957cd9d54996,6500,817f128232b2ce4d84269d328a6c8ec279307792bda2cc06947e6f9378369fca,PASS
26,MULTI,multi_auto_volatility_regime_fcca369aca25,fcca369aca257288253397d495567bd5ccb62e71669869f674876f641b35fdc0,VOLATILITY_REGIME f5/s34 p1=1.3 p2=0.8 p3=1.0 off=1.75 exp=2,VOLATILITY_REGIME,D1,LIMIT,LONG_ONLY,2300.0,2400.0,123,61.78861788617886,1.1580981668334087,21062.618000000042,171.24079674796783,0.7161922873838186,78.47913035047934,0.9110501666720464,3,0.7275748558228069,1.2489536057585136,False,76.64,304.87168112935865,62.96296296296296,2015,-8626.063999999998,2000-10-23 00:00:00+00:00,2026-08-27 00:00:00+00:00,25.842573579739906,123/300 FAIL,0.44761162826395734,PASS,721cc1a696139245e54e560f5ad82ecc,6500,817f128232b2ce4d84269d328a6c8ec279307792bda2cc06947e6f9378369fca,PASS
27,MULTI,multi_rank08_candle_engulfing_f26_s144_off1_75_exp8,db02ceb03b2a80d41e08ef0271529a78acac546b4dea2d370b8fc71dd9d75dc0,CANDLE_ENGULFING f26/s144 p1=55.0 p2=52.0 p3=1.0 off=1.75 exp=8,CANDLE_ENGULFING,D1,LIMIT,BOTH,1650.0,2100.0,226,57.52212389380531,1.1091473548130675,22340.717499999984,98.85273230088488,0.8190626620158037,54.435821862258194,0.7355408474791446,7,0.7412514788404337,1.0385773863880108,False,76.8,317.7608401177277,62.96296296296296,2021,-11654.56,2000-10-23 00:00:00+00:00,2026-08-27 00:00:00+00:00,25.842573579739906,226/300 FAIL,0.3736814954557551,PASS,f0c953f6673168683e6633e306f4a95b,6500,817f128232b2ce4d84269d328a6c8ec279307792bda2cc06947e6f9378369fca,PASS
28,MULTI,multi_adaptive_trend_f20_s144_off5_exp5,d3844bec737310d796a696cb50450f11295e7cb85580a619237f2e32f560a4c4,ADAPTIVE_TREND f20/s144 p1=2.2 p2=55.0 p3=1.0 off=5.0 exp=5,ADAPTIVE_TREND,D1,LIMIT,LONG_ONLY,2250.0,2450.0,194,61.34020618556701,1.1084819799017729,23313.430000000077,120.17231958762926,0.6986230965767477,53.21914115088332,0.8923432064818018,7,0.6565683116225519,1.016436442316149,False,74.55000000000001,379.884472885487,66.66666666666667,2015,-11124.544,2000-10-23 00:00:00+00:00,2026-08-27 00:00:00+00:00,25.842573579739906,194/300 FAIL,0.3516955877989204,PASS,00869c83dfe9aa7e63fbbbef034f5fc0,6500,817f128232b2ce4d84269d328a6c8ec279307792bda2cc06947e6f9378369fca,PASS
29,MULTI,multi_auto_bollinger_reversion_v2_389deb183b6d,389deb183b6da164f6be3b08b5cc87f5d2659602832e0db32bf318ee3ee2275b,BOLLINGER_REVERSION_V2 f5/s21 p1=2.0 p2=40.0 p3=1.0 off=2.25 exp=8,BOLLINGER_REVERSION_V2,D1,LIMIT,LONG_ONLY,1900.0,2150.0,100,64.0,1.3386025865201614,29857.564000000046,298.5756400000005,0.7529639549175909,31.24157157492914,1.6486812124681904,4,1.4244960068704098,0.553529079897951,False,92.54,171.27294520749734,55.55555555555556,2026,-10706.015999999983,2000-10-23 00:00:00+00:00,2026-08-27 00:00:00+00:00,25.842573579739906,100/300 FAIL,0.3429385648278363,PASS,3023d83e5e107e59e517322005f9dd14,6500,817f128232b2ce4d84269d328a6c8ec279307792bda2cc06947e6f9378369fca,PASS
30,MULTI,multi_auto_bollinger_squeeze_b87e78323bb4,b87e78323bb4ef31a472300dea040ec9abe1892ce24c5d7ffa5032e7c190b1c6,BOLLINGER_SQUEEZE f20/s21 p1=0.05 p2=1.8 p3=1.0 off=1.0 exp=8,BOLLINGER_SQUEEZE,D1,LIMIT,LONG_ONLY,2150.0,2350.0,101,64.35643564356435,1.30533976203979,29407.365000000078,291.1620297029711,0.7229574066681914,32.93933870920595,1.7408982703357079,4,1.300941323682473,0.9004880756228729,False,90.38000000000001,196.72226949755188,48.148148148148145,2022,-12975.392,2000-10-23 00:00:00+00:00,2026-08-27 00:00:00+00:00,25.842573579739906,101/300 FAIL,0.151282084712054,PASS,108162f38f845022b7bccefc0627228f,6500,817f128232b2ce4d84269d328a6c8ec279307792bda2cc06947e6f9378369fca,PASS
31,MULTI,multi_auto_support_resistance_bfda9142b51a,bfda9142b51a0b890f97b3ba56d1944bb79cec49e2177ad7e54ce110edd1304b,SUPPORT_RESISTANCE f3/s26 p1=1.0 p2=55.0 p3=1.0 off=1.75 exp=11,SUPPORT_RESISTANCE,D1,LIMIT,LONG_ONLY,2000.0,2150.0,162,64.81481481481481,1.2840021556577141,40514.41300000001,250.08896913580253,0.6970297416427591,29.15771392687177,1.948647734793449,5,1.551978452659322,0.6341975946575674,False,94.54,189.2237858397973,59.25925925925926,2026,-8732.128,2000-10-23 00:00:00+00:00,2026-08-27 00:00:00+00:00,25.842573579739906,162/300 FAIL,0.44096739118342343,PASS,5e7dae3ff6fe4775b5744e193bd02b14,6500,817f128232b2ce4d84269d328a6c8ec279307792bda2cc06947e6f9378369fca,PASS
32,MULTI,multi_auto_donchian_48d038ed6391,48d038ed63918bfcaf1c9ba625aa8580e7d83baa7419d87a2e57604714d96078,DONCHIAN f3/s100 p1=66.0 p2=58.0 p3=1.0 off=1.5 exp=7,DONCHIAN,D1,LIMIT,BOTH,2500.0,2500.0,122,65.57377049180327,1.2472878665580736,32060.498,262.79096721311475,0.6548261299429885,38.38997058016772,1.2232901828176108,3,1.1809534359783118,0.6635116387625795,False,88.06,230.90978501954982,59.25925925925926,2026,-10833.376,2000-10-23 00:00:00+00:00,2026-08-27 00:00:00+00:00,25.842573579739906,122/300 FAIL,0.3416533780651026,PASS,fa6534609383ad463297d8f8cead3294,6500,817f128232b2ce4d84269d328a6c8ec279307792bda2cc06947e6f9378369fca,PASS
33,MULTI,multi_auto_bollinger_reversion_v2_a08b9dcbef20,a08b9dcbef20667971fb74fc2b3fcd918d322f81761119ee1a3acf36b47a1f18,BOLLINGER_REVERSION_V2 f5/s20 p1=1.5 p2=40.0 p3=1.0 off=4.5 exp=6,BOLLINGER_REVERSION_V2,D1,LIMIT,LONG_ONLY,1700.0,1750.0,113,67.2566371681416,1.2386265691588294,20257.59600000001,179.27076106194698,0.603015566564167,40.851114139990116,0.9693846729847817,5,1.0842046034618875,0.4937829646306583,False,86.33999999999999,181.63864063133752,44.44444444444444,2026,-12907.13599999998,2000-10-23 00:00:00+00:00,2026-08-27 00:00:00+00:00,25.842573579739906,113/300 FAIL,0.20091715377485758,PASS,491b30fdd8c2a8de5b966260eec47fe6,6500,817f128232b2ce4d84269d328a6c8ec279307792bda2cc06947e6f9378369fca,PASS
34,MULTI,multi_auto_rolling_zscore_2080701f4c7f,2080701f4c7ffd612ee0e328ce18d38307fe0cf622722e8dca8ed856aa15ff92,ROLLING_ZSCORE f5/s50 p1=2.1 p2=55.0 p3=1.0 off=1.25 exp=11,ROLLING_ZSCORE,D1,LIMIT,LONG_ONLY,2500.0,2500.0,120,65.0,1.2220002960323388,28549.419000000013,237.9118250000001,0.6580001594020286,39.50575250901515,1.134052545159647,5,1.062908165019065,0.5701608487401401,False,85.48,242.95579532005232,48.148148148148145,2023,-9171.888000000014,2000-10-23 00:00:00+00:00,2026-08-27 00:00:00+00:00,25.842573579739906,120/300 FAIL,0.264076295635804,PASS,25e1e8fbf1d9bee4f6cdecc89f3e45bc,6500,817f128232b2ce4d84269d328a6c8ec279307792bda2cc06947e6f9378369fca,PASS
35,MULTI,multi_auto_bollinger_reversion_v2_6b4f80001e8f,6b4f80001e8f825f5a77651dbdb381f9dc1eda19d7a7b66193a22832d3e39751,BOLLINGER_REVERSION_V2 f8/s21 p1=1.5 p2=35.0 p3=1.0 off=0.5 exp=4,BOLLINGER_REVERSION_V2,D1,LIMIT,LONG_ONLY,1850.0,2150.0,119,60.50420168067227,1.2115589884536575,23779.287000000008,199.82594117647065,0.7908787841294709,52.638432965245485,0.7959174103484958,6,0.9703887865394684,0.551702995283746,False,83.58,232.03419003832516,51.851851851851855,2022,-9710.784,2000-10-23 00:00:00+00:00,2026-08-27 00:00:00+00:00,25.842573579739906,119/300 FAIL,0.3837061783466119,PASS,e4904a7e87bef7b4ea089731f4d22070,6500,817f128232b2ce4d84269d328a6c8ec279307792bda2cc06947e6f9378369fca,PASS
36,MULTI,multi_auto_volume_a42fedbfb387,a42fedbfb387dcceae1cf7be5181c5bca3b7ed3377e9c94d4dbce290a8764661,VOLUME f13/s21 p1=1.4 p2=55.0 p3=1.0 off=2.0 exp=4,VOLUME,D1,LIMIT,LONG_ONLY,2450.0,2450.0,103,65.04854368932038,1.2070715389023503,22352.552000000043,217.01506796116547,0.6485757522460389,42.255659581084196,1.1001293821000735,5,0.9204179107461328,0.8663878927232512,False,82.34,251.81753209967783,59.25925925925926,2015,-9289.856,2000-10-23 00:00:00+00:00,2026-08-27 00:00:00+00:00,25.842573579739906,103/300 FAIL,0.3605016806954153,PASS,981c8c41f42723ab9528ff85bf85c546,6500,817f128232b2ce4d84269d328a6c8ec279307792bda2cc06947e6f9378369fca,PASS
37,MULTI,multi_auto_volume_d0f453e54926,d0f453e54926d569040d3ae8160215e2d4680e09234a2f6bc588c4362d79d58f,VOLUME f34/s89 p1=1.1 p2=55.0 p3=1.0 off=1.5 exp=4,VOLUME,D1,LIMIT,LONG_ONLY,2250.0,2500.0,151,61.58940397350993,1.1873800765326163,30903.55700000004,204.65931788079496,0.7405166068698037,44.55615084649517,1.2467240749968738,4,0.9631488475750646,1.0132936423742176,False,83.11,294.07770984312145,44.44444444444444,2012,-6505.536,2000-10-23 00:00:00+00:00,2026-08-27 00:00:00+00:00,25.842573579739906,151/300 FAIL,0.38596980471808984,PASS,80a5fe4675351abcd9c7d22dd60b5c06,6500,817f128232b2ce4d84269d328a6c8ec279307792bda2cc06947e6f9378369fca,PASS
38,MULTI,multi_auto_chart_pattern_4facf4316f16,4facf4316f1659f1d0fd3f728dac1e44f06b5c4c0409dcef3156a434a0539cee,CHART_PATTERN f3/s26 p1=0.7 p2=55.0 p3=1.0 off=3.25 exp=8,CHART_PATTERN,D1,LIMIT,LONG_ONLY,1750.0,1900.0,143,64.33566433566433,1.1800282902051202,20867.60299999999,145.92729370629363,0.6541461173963167,36.210257810959995,1.1909372788494441,4,0.9527235566214542,0.7033882966974616,False,83.24000000000001,220.14741004777463,66.66666666666667,2026,-14358.720000000001,2000-10-23 00:00:00+00:00,2026-08-27 00:00:00+00:00,25.842573579739906,143/300 FAIL,0.4351723976030608,PASS,c1e1ccd1d2a43a8621cd1aa5e37c35a4,6500,817f128232b2ce4d84269d328a6c8ec279307792bda2cc06947e6f9378369fca,PASS
39,MULTI,multi_rank07_candle_engulfing_f55_s100_off3_25_exp8,b27c57af4988aa89b12d9421250f8244c1460fb9f1570590c8501579a869a45b,CANDLE_ENGULFING f55/s100 p1=55.0 p2=58.0 p3=1.0 off=3.25 exp=8,CANDLE_ENGULFING,D1,LIMIT,BOTH,2300.0,2350.0,202,61.881188118811885,1.140478507811444,29978.889500000012,148.410344059406,0.7025347608118494,91.68590775490574,1.436323086543637,5,0.8904794236912116,1.297681664949453,False,80.99,316.95061612522824,55.55555555555556,2006,-13274.8,2000-10-23 00:00:00+00:00,2026-08-27 00:00:00+00:00,25.842573579739906,202/300 FAIL,0.4368024169086332,PASS,4dcfda431b4e7011fa2a1599173c3ce1,6500,817f128232b2ce4d84269d328a6c8ec279307792bda2cc06947e6f9378369fca,PASS
40,MULTI,multi_auto_volatility_regime_319f7365aa2b,319f7365aa2b458a59b654498db4b07de0a7b3ea58a6ac97f75894d9b9896b21,VOLATILITY_REGIME f5/s7 p1=1.05 p2=0.6 p3=1.0 off=4.25 exp=12,VOLATILITY_REGIME,D1,LIMIT,LONG_ONLY,2300.0,2450.0,197,60.91370558375635,1.1361290018158698,29677.80250000005,150.6487436548226,0.7290161094985165,51.5734856255582,0.9857413809000727,5,0.8281719846297735,1.0343555889008162,False,79.93,335.8141055287714,59.25925925925926,2019,-8516.352,2000-10-23 00:00:00+00:00,2026-08-27 00:00:00+00:00,25.842573579739906,197/300 FAIL,0.41035186732018697,PASS,10f3421f535869908bd9bf0575f994b6,6500,817f128232b2ce4d84269d328a6c8ec279307792bda2cc06947e6f9378369fca,PASS
41,MULTI,multi_auto_market_structure_3ed41d12932d,3ed41d12932d82bef7f25bc01ffc2813e570e5181c5d9367e984afd0494b3412,MARKET_STRUCTURE f13/s50 p1=66.0 p2=62.0 p3=1.0 off=4.75 exp=12,MARKET_STRUCTURE,D1,LIMIT,LONG_ONLY,2500.0,2500.0,100,63.0,1.1908204982900055,22002.50050000006,220.0250050000006,0.6993707688369873,50.98333222336956,1.1902291828771934,4,0.7690012409928909,0.8740735681198293,False,78.19,298.2757874899668,40.74074074074074,2026,-9692.703999999965,2000-10-23 00:00:00+00:00,2026-08-27 00:00:00+00:00,25.842573579739906,100/300 FAIL,0.3649213290126681,PASS,5bfa09205bc4d26ac231f657f845a0a7,6500,817f128232b2ce4d84269d328a6c8ec279307792bda2cc06947e6f9378369fca,PASS
42,MULTI,multi_auto_volatility_regime_1380c6bcc6b5,1380c6bcc6b5d5a59b0c46d59acb87eb33d707cabab57a50f4a4caade962b11c,VOLATILITY_REGIME f5/s10 p1=1.1 p2=0.8 p3=1.0 off=2.0 exp=8,VOLATILITY_REGIME,D1,LIMIT,LONG_ONLY,2400.0,2500.0,189,62.96296296296296,1.1862774448808795,38740.362000000074,204.97546031746072,0.697810261694635,44.95189518397851,1.72236952083541,5,1.0830299737956846,0.9652299797767323,False,86.97,298.2267487428711,55.55555555555556,2026,-11402.335999999965,2000-10-23 00:00:00+00:00,2026-08-27 00:00:00+00:00,25.842573579739906,189/300 FAIL,0.474000032966378,PASS,5f7b08454289bd0c6c5cf35f96e118fd,6500,817f128232b2ce4d84269d328a6c8ec279307792bda2cc06947e6f9378369fca,PASS
43,MULTI,multi_auto_candle_engulfing_6664823c8e0c,6664823c8e0c326741a3e1171f186faa9b1fcb285a343a0b7bb4ceac71b2969f,CANDLE_ENGULFING f21/s144 p1=52.0 p2=52.0 p3=1.0 off=4.25 exp=12,CANDLE_ENGULFING,D1,LIMIT,LONG_ONLY,1800.0,1900.0,151,64.90066225165563,1.1747742033361792,21262.877000000044,140.8137549668877,0.6353370691511989,36.301827776341774,1.2003441461841693,3,0.9492863525988092,0.8202077295286915,False,83.35000000000001,228.89706087343092,59.25925925925926,2021,-7167.4400000000005,2000-10-23 00:00:00+00:00,2026-08-27 00:00:00+00:00,25.842573579739906,151/300 FAIL,0.47077671442669417,PASS,8b2d2db96eb70c9c8d49b8b3e5d22407,6500,817f128232b2ce4d84269d328a6c8ec279307792bda2cc06947e6f9378369fca,PASS
44,MULTI,multi_auto_bollinger_reversion_v2_a41e11472251,a41e11472251bd47cc6349edd949afd30aded3deeb2b46818bae5ce508cc49cf,BOLLINGER_REVERSION_V2 f7/s14 p1=1.5 p2=35.0 p3=1.0 off=1.75 exp=2,BOLLINGER_REVERSION_V2,D1,LIMIT,LONG_ONLY,2450.0,2450.0,134,62.6865671641791,1.1738730803158948,25742.749,192.1100671641791,0.6987339763785089,45.81351303711651,0.8518524389101061,5,0.9038388516322906,0.6002972020660381,False,81.64,277.7937311247688,51.851851851851855,2026,-10557.36,2000-10-23 00:00:00+00:00,2026-08-27 00:00:00+00:00,25.842573579739906,134/300 FAIL,0.3751003496999695,PASS,6c4b111b3a56770cb53204da4ff683eb,6500,817f128232b2ce4d84269d328a6c8ec279307792bda2cc06947e6f9378369fca,PASS
45,MULTI,multi_auto_atr_breakout_d4120b602b6f,d4120b602b6f750a311b71fc9fd70c59df9c3428fe0df061d43b2584ab728bc1,ATR_BREAKOUT f3/s13 p1=2.2 p2=55.0 p3=1.0 off=4.5 exp=7,ATR_BREAKOUT,D1,LIMIT,LONG_ONLY,2500.0,2500.0,108,64.81481481481481,1.1686139569027831,20207.078000000074,187.10257407407477,0.6343904337472251,48.70354015532582,0.8102047961436903,4,0.7767117154875803,0.7789790194801064,False,78.28,273.6836349999996,40.74074074074074,2025,-7757.791999999964,2000-10-23 00:00:00+00:00,2026-08-27 00:00:00+00:00,25.842573579739906,108/300 FAIL,0.17677570090952816,PASS,c08a031e7f1c15f55f7c6764c9b583cf,6500,817f128232b2ce4d84269d328a6c8ec279307792bda2cc06947e6f9378369fca,PASS
46,MULTI,multi_auto_price_structure_41e7b79028cc,41e7b79028cc2ae138c26e2a1fcc2e4fd8f31715c94dacdf78ea3bbf2dd3ec93,PRICE_STRUCTURE f8/s100 p1=58.0 p2=58.0 p3=1.0 off=1.5 exp=10,PRICE_STRUCTURE,D1,LIMIT,LONG_ONLY,1550.0,2500.0,148,54.054054054054056,1.1434405166944288,21591.720000000038,145.89000000000024,0.9719244391902645,57.95299545103478,0.603208017607914,5,0.7355204207094187,0.6901526770409573,False,76.52,314.68117117587303,51.851851851851855,2025,-13298.464000000002,2000-10-23 00:00:00+00:00,2026-08-27 00:00:00+00:00,25.842573579739906,148/300 FAIL,0.4962029042927072,PASS,2175d4e0bb2fc630ad49274e98b90052,6500,817f128232b2ce4d84269d328a6c8ec279307792bda2cc06947e6f9378369fca,PASS
