Metode,TF,Order,Direction,SL,TP,Total Entry,WR,PF Net,Net Profit,EV/Trade,Avg Win/Loss,Max DD,Recovery Factor,Max Consecutive Loss,SQN,OOS PF,Monte Carlo Pass,MC 95% DD,Positive Year,Worst Year,Periode Backtest,History,Sample v11,Corr Max,Corr Gate,Python Script,MT5 Script
ND_MTF_LINREG_SLP_f21s55_GOLD_H1_SL0.025_TP2.5,H1,PENDING,BOTH,0.025,2.5,494,29.959514170040485,0.9793124429571034,-1523.200000000002,-3.0834008097166032,2.289473684210525,99.11415916559531,-0.1536813723511603,12,-0.21372408103717572,1.3882978723404256,FAIL,,54.166666666666664,2006,2003-05-05 – 2026-08-27,23.315423226100844,494/300 PASS,,BASE FAIL,strategies/scripts/python/GOLD/ND_MTF_LINREG_SLP_f21s55_GOLD_H1_SL0.025_TP2.5.py,NOT PRESENT
ND_ALL_OBV_CROSS_f8s21_GOLD_H1_SL0.025_TP2.0,H1,PENDING,BOTH,0.025,2.0,582,35.738831615120276,1.011941618752764,950.3999999999969,1.6329896907216441,1.8195488721804502,84.53329538986948,0.11242907254670845,12,0.13700903296177974,1.4042170644001308,FAIL,,50.0,2006,2003-05-05 – 2026-08-27,23.315423226100844,582/300 PASS,,BASE FAIL,strategies/scripts/python/GOLD/ND_ALL_OBV_CROSS_f8s21_GOLD_H1_SL0.025_TP2.0.py,NOT PRESENT
ND_MTF_ROC_ZERO_f13s34_GOLD_H1_SL0.025_TP3.0,H1,PENDING,BOTH,0.025,3.0,376,30.319148936170212,1.2006543075245362,11187.200000000004,29.753191489361715,2.759398496240601,24.785032599451988,4.51369186427754,14,1.5689975535848415,1.222915242652085,FAIL,,70.83333333333333,2009,2003-05-05 – 2026-08-27,23.315423226100844,376/300 PASS,,BASE FAIL,strategies/scripts/python/GOLD/ND_MTF_ROC_ZERO_f13s34_GOLD_H1_SL0.025_TP3.0.py,NOT PRESENT
ND_ALL_DONCH_BO_f13s34_GOLD_H1_SL0.025_TP2.5,H1,PENDING,BOTH,0.025,2.5,496,29.43548387096774,0.9550375939849621,-3348.8000000000015,-6.751612903225809,2.2894736842105257,105.05247376311861,-0.3187740259740256,13,-0.47132617529955306,1.357711138310894,FAIL,,37.5,2006,2003-05-05 – 2026-08-27,23.315423226100844,496/300 PASS,,BASE FAIL,strategies/scripts/python/GOLD/ND_ALL_DONCH_BO_f13s34_GOLD_H1_SL0.025_TP2.5.py,NOT PRESENT
ND_ALL_EMA_RIBBON_f8s21_GOLD_H1_SL0.02_TP3.0,H1,PENDING,BOTH,0.02,3.0,639,27.230046948356808,1.0117084826762246,1176.0,1.84037558685446,2.7037037037037037,66.74225245653818,0.1762002265005662,11,0.1306371397858776,1.2080378250591017,FAIL,,45.833333333333336,2007,2003-05-05 – 2026-08-27,23.315423226100844,639/300 PASS,,BASE FAIL,strategies/scripts/python/GOLD/ND_ALL_EMA_RIBBON_f8s21_GOLD_H1_SL0.02_TP3.0.py,NOT PRESENT
ND_MTF_BB_SQZ_f21s55_GOLD_H1_SL0.02_TP3.0,H1,PENDING,BOTH,0.02,3.0,629,26.86804451510334,0.993317230273752,-664.0,-1.055643879173291,2.7037037037037037,66.13756613756614,-0.10039680000000001,11,-0.07465882437193155,1.147615241140421,FAIL,,50.0,2007,2003-05-05 – 2026-08-27,23.315423226100844,629/300 PASS,,BASE FAIL,strategies/scripts/python/GOLD/ND_MTF_BB_SQZ_f21s55_GOLD_H1_SL0.02_TP3.0.py,NOT PRESENT
ND_MTF_LINREG_SLP_f21s55_GOLD_H1_SL0.02_TP3.0,H1,PENDING,BOTH,0.02,3.0,627,26.794258373205743,0.9895908980876301,-1031.9999999999995,-1.6459330143540662,2.7037037037037037,70.59186189889026,-0.14619248908296936,15,-0.11632217045316666,1.1453189300411524,FAIL,,50.0,2016,2003-05-05 – 2026-08-27,23.315423226100844,627/300 PASS,,BASE FAIL,strategies/scripts/python/GOLD/ND_MTF_LINREG_SLP_f21s55_GOLD_H1_SL0.02_TP3.0.py,NOT PRESENT
ND_VM_BB_SQZ_f8s21_GOLD_H1_SL0.025_TP2.5,H1,PENDING,BOTH,0.025,2.5,469,30.916844349680172,1.0246101364522415,1696.799999999996,3.6179104477611856,2.289473684210526,68.71165644171813,0.24694499999999817,13,0.24219352636798347,1.4676113360323892,FAIL,,45.833333333333336,2006,2003-05-05 – 2026-08-27,23.315423226100844,469/300 PASS,,BASE FAIL,strategies/scripts/python/GOLD/ND_VM_BB_SQZ_f8s21_GOLD_H1_SL0.025_TP2.5.py,NOT PRESENT
ND_VM_BB_SQZ_f8s21_GOLD_H1_SL0.02_TP3.0,H1,PENDING,BOTH,0.02,3.0,606,27.557755775577558,1.0285159875137095,2704.0,4.462046204620462,2.7037037037037037,43.68340943683409,0.6189993031358886,12,0.30729996915609137,1.2231040564373898,FAIL,,50.0,2007,2003-05-05 – 2026-08-27,23.315423226100844,606/300 PASS,,BASE FAIL,strategies/scripts/python/GOLD/ND_VM_BB_SQZ_f8s21_GOLD_H1_SL0.02_TP3.0.py,NOT PRESENT
ND_MTF_SUPERT_PROXY_f5s13_GOLD_H1_SL0.025_TP2.0,H1,PENDING,BOTH,0.025,2.0,601,36.10648918469218,1.0282346491228067,2307.199999999997,3.8389351081530734,1.8195488721804505,77.64655663062075,0.29714131574124797,17,0.32656959643270095,1.391419725785051,FAIL,,50.0,2006,2003-05-05 – 2026-08-27,23.315423226100844,601/300 PASS,,BASE FAIL,strategies/scripts/python/GOLD/ND_MTF_SUPERT_PROXY_f5s13_GOLD_H1_SL0.025_TP2.0.py,NOT PRESENT
ND_ALL_ADX_DI_f8s21_GOLD_H1_SL0.02_TP3.0,H1,PENDING,BOTH,0.02,3.0,606,27.392739273927393,1.02003367003367,1904.0,3.1419141914191417,2.7037037037037037,62.28269085411943,0.30570291262135924,11,0.216786826006336,1.1801881246325692,FAIL,,41.666666666666664,2007,2003-05-05 – 2026-08-27,23.315423226100844,606/300 PASS,,BASE FAIL,strategies/scripts/python/GOLD/ND_ALL_ADX_DI_f8s21_GOLD_H1_SL0.02_TP3.0.py,NOT PRESENT
ND_ALL_ADX_STRONG_f8s21_GOLD_H1_SL0.02_TP3.0,H1,PENDING,BOTH,0.02,3.0,606,27.392739273927393,1.02003367003367,1904.0,3.1419141914191417,2.7037037037037037,62.28269085411943,0.30570291262135924,11,0.216786826006336,1.1801881246325692,FAIL,,41.666666666666664,2007,2003-05-05 – 2026-08-27,23.315423226100844,606/300 PASS,,BASE FAIL,strategies/scripts/python/GOLD/ND_ALL_ADX_STRONG_f8s21_GOLD_H1_SL0.02_TP3.0.py,NOT PRESENT
ND_ALL_HARAMI_f8s21_GOLD_H1_SL0.025_TP2.0,H1,PENDING,BOTH,0.025,2.0,582,36.597938144329895,1.0503086985757069,3950.3999999999974,6.787628865979377,1.81954887218045,46.76592388089147,0.844717621758378,10,0.5665631574386439,1.0703228659885007,FAIL,,37.5,2007,2003-05-05 – 2026-08-27,23.315423226100844,582/300 PASS,,BASE FAIL,strategies/scripts/python/GOLD/ND_ALL_HARAMI_f8s21_GOLD_H1_SL0.025_TP2.0.py,NOT PRESENT
ND_MTF_BB_SQZ_f13s34_GOLD_H1_SL0.025_TP2.5,H1,PENDING,BOTH,0.025,2.5,492,29.471544715447155,0.9566964962839373,-3197.600000000002,-6.499186991869923,2.2894736842105257,109.14638797772527,-0.2929643444227007,13,-0.4517102111271454,1.3900375939849627,FAIL,,29.166666666666668,2016,2003-05-05 – 2026-08-27,23.315423226100844,492/300 PASS,,BASE FAIL,strategies/scripts/python/GOLD/ND_MTF_BB_SQZ_f13s34_GOLD_H1_SL0.025_TP2.5.py,NOT PRESENT
ND_MTF_BB_SQZ_f13s34_GOLD_H1_SL0.02_TP3.0,H1,PENDING,BOTH,0.02,3.0,611,27.332242225859247,1.0169336002669336,1624.0,2.657937806873977,2.7037037037037037,66.36432350718064,0.2447097949886105,11,0.18427521322874088,1.2673611111111112,FAIL,,45.833333333333336,2012,2003-05-05 – 2026-08-27,23.315423226100844,611/300 PASS,,BASE FAIL,strategies/scripts/python/GOLD/ND_MTF_BB_SQZ_f13s34_GOLD_H1_SL0.02_TP3.0.py,NOT PRESENT
ND_ALL_ATR_BO_f21s55_GOLD_H1_SL0.025_TP2.0,H1,PENDING,BOTH,0.025,2.0,571,36.60245183887916,1.0505130228887132,3891.1999999999975,6.814711033274952,1.8195488721804505,45.73329853862213,0.8508461283880165,12,0.5634078953109266,1.29691249400096,FAIL,,58.333333333333336,2010,2003-05-05 – 2026-08-27,23.315423226100844,571/300 PASS,,BASE FAIL,strategies/scripts/python/GOLD/ND_ALL_ATR_BO_f21s55_GOLD_H1_SL0.025_TP2.0.py,NOT PRESENT
ND_MTF_KELTNER_BO_f5s13_GOLD_H1_SL0.025_TP2.0,H1,PENDING,BOTH,0.025,2.0,575,37.391304347826086,1.0866750208855467,6639.999999999996,11.547826086956515,1.8195488721804502,31.14990969295607,2.131627367607265,11,0.9538504105988512,1.2923898531375164,FAIL,,50.0,2014,2003-05-05 – 2026-08-27,23.315423226100844,575/300 PASS,,BASE FAIL,strategies/scripts/python/GOLD/ND_MTF_KELTNER_BO_f5s13_GOLD_H1_SL0.025_TP2.0.py,NOT PRESENT
ND_VM_EMA_RIBBON_f8s21_GOLD_H1_SL0.02_TP3.0,H1,PENDING,BOTH,0.02,3.0,639,27.230046948356808,1.0117084826762246,1176.0,1.84037558685446,2.7037037037037037,66.74225245653818,0.1762002265005662,11,0.1306371397858776,1.2080378250591017,FAIL,,45.833333333333336,2007,2003-05-05 – 2026-08-27,23.315423226100844,639/300 PASS,,BASE FAIL,strategies/scripts/python/GOLD/ND_VM_EMA_RIBBON_f8s21_GOLD_H1_SL0.02_TP3.0.py,NOT PRESENT
ND_VM_LINREG_SLP_f21s55_GOLD_H1_SL0.02_TP3.0,H1,PENDING,BOTH,0.02,3.0,627,26.794258373205743,0.9895908980876301,-1031.9999999999995,-1.6459330143540662,2.7037037037037037,70.59186189889026,-0.14619248908296936,15,-0.11632217045316666,1.1453189300411524,FAIL,,50.0,2016,2003-05-05 – 2026-08-27,23.315423226100844,627/300 PASS,,BASE FAIL,strategies/scripts/python/GOLD/ND_VM_LINREG_SLP_f21s55_GOLD_H1_SL0.02_TP3.0.py,NOT PRESENT
ND_VM_HARAMI_f5s13_GOLD_H1_SL0.025_TP2.0,H1,PENDING,BOTH,0.025,2.0,581,36.83304647160069,1.0609903505357392,4763.199999999999,8.19827882960413,1.8195488721804502,49.07578558225518,0.9705804896421825,10,0.6828034618013354,1.1314841726164149,FAIL,,41.666666666666664,2007,2003-05-05 – 2026-08-27,23.315423226100844,581/300 PASS,,BASE FAIL,strategies/scripts/python/GOLD/ND_VM_HARAMI_f5s13_GOLD_H1_SL0.025_TP2.0.py,NOT PRESENT
ND_ALL_SUPERT_PROXY_f21s55_GOLD_H1_SL0.025_TP2.0,H1,PENDING,BOTH,0.025,2.0,567,36.15520282186949,1.030407510488929,2342.399999999995,4.1312169312169225,1.8195488721804505,41.244271628940446,0.5679334141414127,14,0.34124800622389717,1.2009022556390976,FAIL,,58.333333333333336,2008,2003-05-05 – 2026-08-27,23.315423226100844,567/300 PASS,,BASE FAIL,strategies/scripts/python/GOLD/ND_ALL_SUPERT_PROXY_f21s55_GOLD_H1_SL0.025_TP2.0.py,NOT PRESENT
ND_MTF_CORREL_REV_f21s55_GOLD_H1_SL0.025_TP2.5,H1,PENDING,BOTH,0.025,2.5,497,26.760563380281692,0.8365384615384613,-12661.600000000006,-25.47605633802818,2.2894736842105257,130.84365325077434,-0.9676892753623167,14,-1.8327035934756237,0.6700898587933247,FAIL,,37.5,2006,2003-05-05 – 2026-08-27,23.315423226100844,497/300 PASS,,BASE FAIL,strategies/scripts/python/GOLD/ND_MTF_CORREL_REV_f21s55_GOLD_H1_SL0.025_TP2.5.py,NOT PRESENT
ND_MTF_ZSCORE_MR_f3s8_GOLD_H1_SL0.025_TP3.0,H1,PENDING,BOTH,0.025,3.0,413,22.760290556900728,0.8131142904282649,-12686.399999999996,-30.71767554479418,2.7593984962406006,127.70428015564129,-0.9934201096892193,20,-1.8610762674702213,0.7664995822890562,FAIL,,37.5,2008,2003-05-05 – 2026-08-27,23.315423226100844,413/300 PASS,,BASE FAIL,strategies/scripts/python/GOLD/ND_MTF_ZSCORE_MR_f3s8_GOLD_H1_SL0.025_TP3.0.py,NOT PRESENT
ND_VM_ZSCORE_MR_f3s8_GOLD_H1_SL0.025_TP3.0,H1,PENDING,BOTH,0.025,3.0,413,22.760290556900728,0.8131142904282649,-12686.399999999996,-30.71767554479418,2.7593984962406006,127.70428015564129,-0.9934201096892193,20,-1.8610762674702213,0.7664995822890562,FAIL,,37.5,2008,2003-05-05 – 2026-08-27,23.315423226100844,413/300 PASS,,BASE FAIL,strategies/scripts/python/GOLD/ND_VM_ZSCORE_MR_f3s8_GOLD_H1_SL0.025_TP3.0.py,NOT PRESENT
ND_ALL_BB_SQZ_f13s34_GOLD_H1_SL0.02_TP3.0,H1,PENDING,BOTH,0.02,3.0,611,27.332242225859247,1.0169336002669336,1624.0,2.657937806873977,2.7037037037037037,66.36432350718064,0.2447097949886105,11,0.18427521322874088,1.2673611111111112,FAIL,,45.833333333333336,2012,2003-05-05 – 2026-08-27,23.315423226100844,611/300 PASS,,BASE FAIL,strategies/scripts/python/GOLD/ND_ALL_BB_SQZ_f13s34_GOLD_H1_SL0.02_TP3.0.py,NOT PRESENT
ND_ALL_ZSCORE_MR_f21s55_GOLD_H1_SL0.02_TP3.0,H1,PENDING,BOTH,0.02,3.0,630,23.96825396825397,0.8523157813345705,-15280.0,-24.253968253968253,2.7037037037037037,160.98334655035686,-0.9491665024630541,15,-1.7825733590958557,0.7520235467255335,FAIL,,33.333333333333336,2025,2003-05-05 – 2026-08-27,23.315423226100844,630/300 PASS,,BASE FAIL,strategies/scripts/python/GOLD/ND_ALL_ZSCORE_MR_f21s55_GOLD_H1_SL0.02_TP3.0.py,NOT PRESENT
ND_MTF_AROON_XO_f13s34_GOLD_H1_SL0.025_TP2.5,H1,PENDING,BOTH,0.025,2.5,467,30.19271948608137,0.990232483048111,-677.6000000000013,-1.4509635974304096,2.289473684210526,93.4264936546416,-0.0725276068376068,13,-0.09756980594504755,1.430921052631579,FAIL,,45.833333333333336,2006,2003-05-05 – 2026-08-27,23.315423226100844,467/300 PASS,,BASE FAIL,strategies/scripts/python/GOLD/ND_MTF_AROON_XO_f13s34_GOLD_H1_SL0.025_TP2.5.py,NOT PRESENT
ND_MTF_EMA_RIBBON_f8s21_GOLD_H1_SL0.025_TP3.0,H1,PENDING,BOTH,0.025,3.0,411,27.73722627737226,1.0591630591630592,3739.2000000000035,9.097810218978111,2.7593984962406015,43.97134360638011,0.8503720135259768,14,0.5149664890538852,1.3298306005978804,FAIL,,54.166666666666664,2006,2003-05-05 – 2026-08-27,23.315423226100844,411/300 PASS,,BASE FAIL,strategies/scripts/python/GOLD/ND_MTF_EMA_RIBBON_f8s21_GOLD_H1_SL0.025_TP3.0.py,NOT PRESENT
ND_MTF_NATR_EXPAND_f3s8_GOLD_H1_SL0.025_TP2.5,H1,PENDING,BOTH,0.025,2.5,495,28.88888888888889,0.9300986842105259,-5236.000000000002,-10.577777777777781,2.289473684210525,111.81630940575167,-0.4682680038204399,13,-0.7417624542004931,1.2327935222672064,FAIL,,37.5,2007,2003-05-05 – 2026-08-27,23.315423226100844,495/300 PASS,,BASE FAIL,strategies/scripts/python/GOLD/ND_MTF_NATR_EXPAND_f3s8_GOLD_H1_SL0.025_TP2.5.py,NOT PRESENT
ND_MTF_REGCH_BO_f13s34_GOLD_H1_SL0.025_TP2.5,H1,PENDING,BOTH,0.025,2.5,465,31.827956989247312,1.0689025402623273,4648.0,9.995698924731183,2.289473684210525,41.63085143454527,1.1164796874999994,12,0.6610496307953186,1.33108935128519,FAIL,,54.166666666666664,2014,2003-05-05 – 2026-08-27,23.315423226100844,465/300 PASS,,BASE FAIL,strategies/scripts/python/GOLD/ND_MTF_REGCH_BO_f13s34_GOLD_H1_SL0.025_TP2.5.py,NOT PRESENT
ND_MTF_WILLR_TREND_f13s34_GOLD_H1_SL0.025_TP2.5,H1,PENDING,BOTH,0.025,2.5,498,25.70281124497992,0.7920341394025603,-16374.400000000005,-32.880321285140575,2.2894736842105257,169.69040247677984,-0.9649573435504492,14,-2.3987013513509714,0.6514762516046212,FAIL,,33.333333333333336,2006,2003-05-05 – 2026-08-27,23.315423226100844,498/300 PASS,,BASE FAIL,strategies/scripts/python/GOLD/ND_MTF_WILLR_TREND_f13s34_GOLD_H1_SL0.025_TP2.5.py,NOT PRESENT
ND_ALL_HARAMI_f8s21_GOLD_H1_SL0.02_TP2.5,H1,PENDING,BOTH,0.02,2.5,718,30.919220055710305,1.0029121863799284,312.0,0.43454038997214484,2.240740740740741,72.47639796659404,0.04304849699398798,14,0.03599162462104872,1.1992696922274386,FAIL,,45.833333333333336,2003,2003-05-05 – 2026-08-27,23.315423226100844,718/300 PASS,,BASE FAIL,strategies/scripts/python/GOLD/ND_ALL_HARAMI_f8s21_GOLD_H1_SL0.02_TP2.5.py,NOT PRESENT
ND_ALL_HMA_CROSS_f13s34_GOLD_H1_SL0.025_TP2.0,H1,PENDING,BOTH,0.025,2.0,559,36.135957066189626,1.0295486615698908,2244.7999999999956,4.015742397137738,1.8195488721804505,36.28834355828221,0.6186008453085364,14,0.32939918057166956,1.1578947368421053,FAIL,,58.333333333333336,2006,2003-05-05 – 2026-08-27,23.315423226100844,559/300 PASS,,BASE FAIL,strategies/scripts/python/GOLD/ND_ALL_HMA_CROSS_f13s34_GOLD_H1_SL0.025_TP2.0.py,NOT PRESENT
ND_ALL_KAMA_TREND_f5s13_GOLD_H1_SL0.025_TP2.0,H1,PENDING,BOTH,0.025,2.0,601,36.10648918469218,1.0282346491228067,2307.199999999997,3.8389351081530734,1.8195488721804505,77.64655663062075,0.29714131574124797,17,0.32656959643270095,1.391419725785051,FAIL,,50.0,2006,2003-05-05 – 2026-08-27,23.315423226100844,601/300 PASS,,BASE FAIL,strategies/scripts/python/GOLD/ND_ALL_KAMA_TREND_f5s13_GOLD_H1_SL0.025_TP2.0.py,NOT PRESENT
ND_VM_BB_SQZ_f21s55_GOLD_H1_SL0.02_TP3.0,H1,PENDING,BOTH,0.02,3.0,629,26.86804451510334,0.993317230273752,-664.0,-1.055643879173291,2.7037037037037037,66.13756613756614,-0.10039680000000001,11,-0.07465882437193155,1.147615241140421,FAIL,,50.0,2007,2003-05-05 – 2026-08-27,23.315423226100844,629/300 PASS,,BASE FAIL,strategies/scripts/python/GOLD/ND_VM_BB_SQZ_f21s55_GOLD_H1_SL0.02_TP3.0.py,NOT PRESENT
ND_VM_KAMA_TREND_f8s21_GOLD_H1_SL0.03_TP2.0,H1,PENDING,BOTH,0.03,2.0,446,34.52914798206278,0.9746835443037976,-1557.333333333336,-3.491778774289991,1.848101265822785,68.12865497076027,-0.22858712446351961,12,-0.2584913247114853,1.15506329113924,FAIL,,41.666666666666664,2015,2003-05-05 – 2026-08-27,23.315423226100844,446/300 PASS,,BASE FAIL,strategies/scripts/python/GOLD/ND_VM_KAMA_TREND_f8s21_GOLD_H1_SL0.03_TP2.0.py,NOT PRESENT
ND_VM_ROC_ZERO_f13s34_GOLD_H1_SL0.025_TP2.5,H1,PENDING,BOTH,0.025,2.5,484,30.165289256198346,0.9889442541264402,-795.2000000000007,-1.6429752066115717,2.289473684210526,90.2967426958582,-0.08806519219396777,13,-0.11250355195098836,1.4239409499358153,FAIL,,33.333333333333336,2007,2003-05-05 – 2026-08-27,23.315423226100844,484/300 PASS,,BASE FAIL,strategies/scripts/python/GOLD/ND_VM_ROC_ZERO_f13s34_GOLD_H1_SL0.025_TP2.5.py,NOT PRESENT
ND_ALL_ADX_DI_f8s21_GOLD_H1_SL0.02_TP2.5,H1,PENDING,BOTH,0.02,2.5,743,30.551816958277254,0.9857522250933104,-1587.9999999999993,-2.1372812920592184,2.240740740740741,55.13698630136986,-0.2880099378881986,14,-0.18067958549106963,1.0418730832743572,FAIL,,45.833333333333336,2024,2003-05-05 – 2026-08-27,23.315423226100844,743/300 PASS,,BASE FAIL,strategies/scripts/python/GOLD/ND_ALL_ADX_DI_f8s21_GOLD_H1_SL0.02_TP2.5.py,NOT PRESENT
ND_ALL_ADX_STRONG_f8s21_GOLD_H1_SL0.02_TP2.5,H1,PENDING,BOTH,0.02,2.5,743,30.551816958277254,0.9857522250933104,-1587.9999999999993,-2.1372812920592184,2.240740740740741,55.13698630136986,-0.2880099378881986,14,-0.18067958549106963,1.0418730832743572,FAIL,,45.833333333333336,2024,2003-05-05 – 2026-08-27,23.315423226100844,743/300 PASS,,BASE FAIL,strategies/scripts/python/GOLD/ND_ALL_ADX_STRONG_f8s21_GOLD_H1_SL0.02_TP2.5.py,NOT PRESENT
ND_ALL_ENGULF_f13s34_GOLD_H1_SL0.03_TP2.0,H1,PENDING,BOTH,0.03,2.0,405,35.80246913580247,1.030671859785784,1679.9999999999973,4.148148148148142,1.848101265822785,54.44119631212053,0.308589838909541,9,0.29021166701407314,1.3659878921298843,FAIL,,45.833333333333336,2014,2003-05-05 – 2026-08-27,23.315423226100844,405/300 PASS,,BASE FAIL,strategies/scripts/python/GOLD/ND_ALL_ENGULF_f13s34_GOLD_H1_SL0.03_TP2.0.py,NOT PRESENT
ND_VM_BB_SQZ_f13s34_GOLD_H1_SL0.02_TP3.0,H1,PENDING,BOTH,0.02,3.0,611,27.332242225859247,1.0169336002669336,1624.0,2.657937806873977,2.7037037037037037,66.36432350718064,0.2447097949886105,11,0.18427521322874088,1.2673611111111112,FAIL,,45.833333333333336,2012,2003-05-05 – 2026-08-27,23.315423226100844,611/300 PASS,,BASE FAIL,strategies/scripts/python/GOLD/ND_VM_BB_SQZ_f13s34_GOLD_H1_SL0.02_TP3.0.py,NOT PRESENT
ND_VM_DONCH_BO_f13s34_GOLD_H1_SL0.025_TP2.5,H1,PENDING,BOTH,0.025,2.5,496,29.43548387096774,0.9550375939849621,-3348.8000000000015,-6.751612903225809,2.2894736842105257,105.05247376311861,-0.3187740259740256,13,-0.47132617529955306,1.357711138310894,FAIL,,37.5,2006,2003-05-05 – 2026-08-27,23.315423226100844,496/300 PASS,,BASE FAIL,strategies/scripts/python/GOLD/ND_VM_DONCH_BO_f13s34_GOLD_H1_SL0.025_TP2.5.py,NOT PRESENT
ND_VM_KAMA_TREND_f8s21_GOLD_H1_SL0.025_TP2.5,H1,PENDING,BOTH,0.025,2.5,468,29.700854700854702,0.9672852343625019,-2290.4000000000015,-4.894017094017097,2.289473684210526,117.63673811884973,-0.1947010803449841,13,-0.33100219399322883,1.4881578947368421,FAIL,,41.666666666666664,2017,2003-05-05 – 2026-08-27,23.315423226100844,468/300 PASS,,BASE FAIL,strategies/scripts/python/GOLD/ND_VM_KAMA_TREND_f8s21_GOLD_H1_SL0.025_TP2.5.py,NOT PRESENT
ND_ALL_ATR_BO_f21s55_GOLD_H1_SL0.02_TP2.5,H1,PENDING,BOTH,0.02,2.5,734,30.653950953678475,0.9905042567125082,-1044.0,-1.422343324250681,2.240740740740741,48.98893552079359,-0.2131093457943925,10,-0.1193989034775356,1.058127572016461,FAIL,,45.833333333333336,2024,2003-05-05 – 2026-08-27,23.315423226100844,734/300 PASS,,BASE FAIL,strategies/scripts/python/GOLD/ND_ALL_ATR_BO_f21s55_GOLD_H1_SL0.02_TP2.5.py,NOT PRESENT
ND_ALL_INSIDE_BAR_f3s8_GOLD_H1_SL0.025_TP2.5,H1,PENDING,BOTH,0.025,2.5,473,31.50105708245243,1.052875243664717,3645.599999999996,7.70739957716701,2.2894736842105257,66.07926629544714,0.5517010409437881,17,0.5155085902648351,1.4049043062200957,FAIL,,54.166666666666664,2015,2003-05-05 – 2026-08-27,23.315423226100844,473/300 PASS,,BASE FAIL,strategies/scripts/python/GOLD/ND_ALL_INSIDE_BAR_f3s8_GOLD_H1_SL0.025_TP2.5.py,NOT PRESENT
ND_ALL_KAMA_TREND_f8s21_GOLD_H1_SL0.025_TP2.0,H1,PENDING,BOTH,0.025,2.0,582,35.738831615120276,1.011941618752764,950.3999999999969,1.6329896907216441,1.8195488721804502,84.53329538986948,0.11242907254670845,12,0.13700903296177974,1.4042170644001308,FAIL,,50.0,2006,2003-05-05 – 2026-08-27,23.315423226100844,582/300 PASS,,BASE FAIL,strategies/scripts/python/GOLD/ND_ALL_KAMA_TREND_f8s21_GOLD_H1_SL0.025_TP2.0.py,NOT PRESENT
ND_ALL_KELTNER_BO_f21s55_GOLD_H1_SL0.025_TP2.0,H1,PENDING,BOTH,0.025,2.0,571,36.60245183887916,1.0505130228887132,3891.1999999999975,6.814711033274952,1.8195488721804505,45.73329853862213,0.8508461283880165,12,0.5634078953109266,1.29691249400096,FAIL,,58.333333333333336,2010,2003-05-05 – 2026-08-27,23.315423226100844,571/300 PASS,,BASE FAIL,strategies/scripts/python/GOLD/ND_ALL_KELTNER_BO_f21s55_GOLD_H1_SL0.025_TP2.0.py,NOT PRESENT
ND_ALL_SUPERT_PROXY_f5s13_GOLD_H1_SL0.015_TP3.0,H1,PENDING,BOTH,0.015,3.0,1009,29.038652130822598,1.069882883489264,11074.666666666646,10.97588371324742,2.6144578313253004,33.48884677066587,3.306971644173593,14,0.960054611808744,1.1070226853359382,FAIL,,54.166666666666664,2004,2003-05-05 – 2026-08-27,23.315423226100844,1009/300 PASS,,BASE FAIL,strategies/scripts/python/GOLD/ND_ALL_SUPERT_PROXY_f5s13_GOLD_H1_SL0.015_TP3.0.py,NOT PRESENT
ND_ALL_T3_TREND_f5s13_GOLD_H1_SL0.02_TP3.0,H1,PENDING,BOTH,0.02,3.0,603,27.03150912106136,1.0015993265993266,152.0,0.25207296849087896,2.7037037037037037,75.96371882086169,0.02000955223880597,12,0.017421763607152158,1.2632058287795993,FAIL,,41.666666666666664,2007,2003-05-05 – 2026-08-27,23.315423226100844,603/300 PASS,,BASE FAIL,strategies/scripts/python/GOLD/ND_ALL_T3_TREND_f5s13_GOLD_H1_SL0.02_TP3.0.py,NOT PRESENT
ND_MTF_CCI_REV_f13s34_GOLD_H1_SL0.025_TP2.5,H1,PENDING,BOTH,0.025,2.5,498,25.70281124497992,0.7920341394025603,-16374.400000000005,-32.880321285140575,2.2894736842105257,169.69040247677984,-0.9649573435504492,14,-2.3987013513509714,0.6514762516046212,FAIL,,33.333333333333336,2006,2003-05-05 – 2026-08-27,23.315423226100844,498/300 PASS,,BASE FAIL,strategies/scripts/python/GOLD/ND_MTF_CCI_REV_f13s34_GOLD_H1_SL0.025_TP2.5.py,NOT PRESENT
ND_VM_OBV_CROSS_f13s34_GOLD_H1_SL0.02_TP2.5,H1,PENDING,BOTH,0.02,2.5,706,31.444759206798867,1.0277777777777777,2904.0,4.113314447592068,2.240740740740741,69.18703808982376,0.41973179950698436,10,0.336280554212928,1.241025641025641,FAIL,,54.166666666666664,2009,2003-05-05 – 2026-08-27,23.315423226100844,706/300 PASS,,BASE FAIL,strategies/scripts/python/GOLD/ND_VM_OBV_CROSS_f13s34_GOLD_H1_SL0.02_TP2.5.py,NOT PRESENT
ND_VM_OBV_CROSS_f13s34_GOLD_H1_SL0.02_TP3.0,H1,PENDING,BOTH,0.02,3.0,610,27.049180327868854,1.0024968789013733,240.0,0.39344262295081966,2.7037037037037037,69.6989966555184,0.03443378119001919,12,0.027344135321230787,1.1816186556927297,FAIL,,54.166666666666664,2007,2003-05-05 – 2026-08-27,23.315423226100844,610/300 PASS,,BASE FAIL,strategies/scripts/python/GOLD/ND_VM_OBV_CROSS_f13s34_GOLD_H1_SL0.02_TP3.0.py,NOT PRESENT
ND_VM_RSI_MA_f21s55_GOLD_H1_SL0.03_TP2.0,H1,PENDING,BOTH,0.03,2.0,442,29.638009049773757,0.7784606618095974,-14514.666666666668,-32.83861236802414,1.8481012658227847,149.77660972404703,-0.9690876762005048,12,-2.519713185022092,0.6160337552742617,FAIL,,29.166666666666668,2025,2003-05-05 – 2026-08-27,23.315423226100844,442/300 PASS,,BASE FAIL,strategies/scripts/python/GOLD/ND_VM_RSI_MA_f21s55_GOLD_H1_SL0.03_TP2.0.py,NOT PRESENT
ND_VM_STDDEV_BO_f8s21_GOLD_H1_SL0.025_TP2.5,H1,PENDING,BOTH,0.025,2.5,469,30.916844349680172,1.0246101364522415,1696.799999999996,3.6179104477611856,2.289473684210526,68.71165644171813,0.24694499999999817,13,0.24219352636798347,1.4676113360323892,FAIL,,45.833333333333336,2006,2003-05-05 – 2026-08-27,23.315423226100844,469/300 PASS,,BASE FAIL,strategies/scripts/python/GOLD/ND_VM_STDDEV_BO_f8s21_GOLD_H1_SL0.025_TP2.5.py,NOT PRESENT
ND_ALL_OBV_CROSS_f8s21_GOLD_H1_SL0.02_TP2.5,H1,PENDING,BOTH,0.02,2.5,739,31.66441136671177,1.0382838283828384,4176.0,5.650879566982408,2.240740740740741,53.63636363636364,0.7785762711864407,10,0.47177079397649196,1.188043748446433,FAIL,,50.0,2014,2003-05-05 – 2026-08-27,23.315423226100844,739/300 PASS,,BASE FAIL,strategies/scripts/python/GOLD/ND_ALL_OBV_CROSS_f8s21_GOLD_H1_SL0.02_TP2.5.py,NOT PRESENT
ND_ALL_SUPERT_PROXY_f13s34_GOLD_H1_SL0.025_TP2.0,H1,PENDING,BOTH,0.025,2.0,559,36.135957066189626,1.0295486615698908,2244.7999999999956,4.015742397137738,1.8195488721804505,36.28834355828221,0.6186008453085364,14,0.32939918057166956,1.1578947368421053,FAIL,,58.333333333333336,2006,2003-05-05 – 2026-08-27,23.315423226100844,559/300 PASS,,BASE FAIL,strategies/scripts/python/GOLD/ND_ALL_SUPERT_PROXY_f13s34_GOLD_H1_SL0.025_TP2.0.py,NOT PRESENT
ND_ALL_TRIX_ZERO_f3s8_GOLD_H1_SL0.02_TP3.0,H1,PENDING,BOTH,0.02,3.0,585,28.376068376068375,1.0711570759303457,6440.0,11.008547008547009,2.7037037037037037,58.69853917662683,1.097131221719457,15,0.7382658129418581,1.3289391086001257,FAIL,,50.0,2014,2003-05-05 – 2026-08-27,23.315423226100844,585/300 PASS,,BASE FAIL,strategies/scripts/python/GOLD/ND_ALL_TRIX_ZERO_f3s8_GOLD_H1_SL0.02_TP3.0.py,NOT PRESENT
ND_MTF_KELTNER_BO_f13s34_GOLD_H1_SL0.025_TP2.5,H1,PENDING,BOTH,0.025,2.5,488,30.737704918032787,1.016038617253192,1153.5999999999988,2.363934426229506,2.2894736842105257,66.70693242064299,0.1729355492957743,13,0.1616825457542584,1.3376700177409817,FAIL,,41.666666666666664,2016,2003-05-05 – 2026-08-27,23.315423226100844,488/300 PASS,,BASE FAIL,strategies/scripts/python/GOLD/ND_MTF_KELTNER_BO_f13s34_GOLD_H1_SL0.025_TP2.5.py,NOT PRESENT
ND_VM_CCI_REV_f5s13_GOLD_H1_SL0.025_TP2.5,H1,PENDING,BOTH,0.025,2.5,498,25.903614457831324,0.8003851091142488,-15674.400000000003,-31.47469879518073,2.2894736842105257,154.8993808049532,-1.0119084994753436,12,-2.2903376830092417,0.6462224108658743,FAIL,,37.5,2025,2003-05-05 – 2026-08-27,23.315423226100844,498/300 PASS,,BASE FAIL,strategies/scripts/python/GOLD/ND_VM_CCI_REV_f5s13_GOLD_H1_SL0.025_TP2.5.py,NOT PRESENT
ND_VM_MOMENTUM_XO_f21s55_GOLD_H1_SL0.025_TP2.0,H1,PENDING,BOTH,0.025,2.0,573,37.521815008726,1.0927458310580918,7065.599999999998,12.330890052356017,1.8195488721804505,35.25356967011323,2.0042225698324025,12,1.0160483260954731,1.3796579360489134,FAIL,,50.0,2012,2003-05-05 – 2026-08-27,23.315423226100844,573/300 PASS,,BASE FAIL,strategies/scripts/python/GOLD/ND_VM_MOMENTUM_XO_f21s55_GOLD_H1_SL0.025_TP2.0.py,NOT PRESENT
ND_ALL_BB_SQZ_f13s34_GOLD_H1_SL0.025_TP2.0,H1,PENDING,BOTH,0.025,2.0,581,36.48881239242685,1.0453776718218304,3563.199999999998,6.132874354561098,1.81954887218045,57.74453105355802,0.6170627650772905,12,0.5117948388368034,1.3407202216066485,FAIL,,54.166666666666664,2010,2003-05-05 – 2026-08-27,23.315423226100844,581/300 PASS,,BASE FAIL,strategies/scripts/python/GOLD/ND_ALL_BB_SQZ_f13s34_GOLD_H1_SL0.025_TP2.0.py,NOT PRESENT
ND_ALL_ENGULF_f8s21_GOLD_H1_SL0.03_TP2.0,H1,PENDING,BOTH,0.03,2.0,410,35.36585365853659,1.011225220921901,626.666666666664,1.528455284552839,1.8481012658227849,63.2334736320872,0.09910362829548372,9,0.10788730246052829,1.3927719684461566,FAIL,,41.666666666666664,2006,2003-05-05 – 2026-08-27,23.315423226100844,410/300 PASS,,BASE FAIL,strategies/scripts/python/GOLD/ND_ALL_ENGULF_f8s21_GOLD_H1_SL0.03_TP2.0.py,NOT PRESENT
ND_ALL_STDDEV_BO_f21s55_GOLD_H1_SL0.025_TP2.0,H1,PENDING,BOTH,0.025,2.0,569,35.85237258347979,1.0169533422597588,1316.7999999999993,2.314235500878733,1.8195488721804505,37.483212463067424,0.35130393407380844,12,0.19185061015028235,1.1022267206477732,FAIL,,62.5,2010,2003-05-05 – 2026-08-27,23.315423226100844,569/300 PASS,,BASE FAIL,strategies/scripts/python/GOLD/ND_ALL_STDDEV_BO_f21s55_GOLD_H1_SL0.025_TP2.0.py,NOT PRESENT
ND_MTF_NATR_EXPAND_f3s8_GOLD_H1_SL0.03_TP2.0,H1,PENDING,BOTH,0.03,2.0,435,35.40229885057471,1.0128384161448714,759.9999999999941,1.7471264367815955,1.8481012658227849,38.63636363636365,0.1967058823529396,8,0.12699699651833563,1.0310459693537635,FAIL,,41.666666666666664,2010,2003-05-05 – 2026-08-27,23.315423226100844,435/300 PASS,,BASE FAIL,strategies/scripts/python/GOLD/ND_MTF_NATR_EXPAND_f3s8_GOLD_H1_SL0.03_TP2.0.py,NOT PRESENT
ND_MTF_REGCH_BO_f8s21_GOLD_H1_SL0.025_TP2.5,H1,PENDING,BOTH,0.025,2.5,455,32.527472527472526,1.1037202125835759,6775.999999999995,14.892307692307682,2.2894736842105257,46.65482909505993,1.4523684110371065,11,0.9686815102489903,1.5167763157894738,FAIL,,54.166666666666664,2017,2003-05-05 – 2026-08-27,23.315423226100844,455/300 PASS,,BASE FAIL,strategies/scripts/python/GOLD/ND_MTF_REGCH_BO_f8s21_GOLD_H1_SL0.025_TP2.5.py,NOT PRESENT
ND_VM_MACD_HIST_f5s13_GOLD_H1_SL0.03_TP2.0,H1,PENDING,BOTH,0.03,2.0,461,31.453362255965292,0.8480211504566573,-10117.333333333336,-21.946493130874916,1.8481012658227842,127.24171539960965,-0.7951270777479926,11,-1.6913665163945582,0.9610126582278476,FAIL,,29.166666666666668,2017,2003-05-05 – 2026-08-27,23.315423226100844,461/300 PASS,,BASE FAIL,strategies/scripts/python/GOLD/ND_VM_MACD_HIST_f5s13_GOLD_H1_SL0.03_TP2.0.py,NOT PRESENT
ND_VM_MOMENTUM_XO_f13s34_GOLD_H1_SL0.025_TP2.5,H1,PENDING,BOTH,0.025,2.5,484,30.165289256198346,0.9889442541264402,-795.2000000000007,-1.6429752066115717,2.289473684210526,90.2967426958582,-0.08806519219396777,13,-0.11250355195098836,1.4239409499358153,FAIL,,33.333333333333336,2007,2003-05-05 – 2026-08-27,23.315423226100844,484/300 PASS,,BASE FAIL,strategies/scripts/python/GOLD/ND_VM_MOMENTUM_XO_f13s34_GOLD_H1_SL0.025_TP2.5.py,NOT PRESENT
ND_VM_SUPERT_PROXY_f5s13_GOLD_H1_SL0.015_TP3.0,H1,PENDING,BOTH,0.015,3.0,1009,29.038652130822598,1.069882883489264,11074.666666666646,10.97588371324742,2.6144578313253004,33.48884677066587,3.306971644173593,14,0.960054611808744,1.1070226853359382,FAIL,,54.166666666666664,2004,2003-05-05 – 2026-08-27,23.315423226100844,1009/300 PASS,,BASE FAIL,strategies/scripts/python/GOLD/ND_VM_SUPERT_PROXY_f5s13_GOLD_H1_SL0.015_TP3.0.py,NOT PRESENT
ND_ALL_HARAMI_f5s13_GOLD_H1_SL0.02_TP2.5,H1,PENDING,BOTH,0.02,2.5,693,32.03463203463203,1.056145317291814,5712.0,8.242424242424242,2.240740740740741,54.673788630293785,1.0447419399860431,12,0.664308539589909,1.223666929340688,FAIL,,54.166666666666664,2004,2003-05-05 – 2026-08-27,23.315423226100844,693/300 PASS,,BASE FAIL,strategies/scripts/python/GOLD/ND_ALL_HARAMI_f5s13_GOLD_H1_SL0.02_TP2.5.py,NOT PRESENT
ND_ALL_ZLEMA_CROSS_f21s55_GOLD_H1_SL0.025_TP2.0,H1,PENDING,BOTH,0.025,2.0,567,36.15520282186949,1.030407510488929,2342.399999999995,4.1312169312169225,1.8195488721804505,41.244271628940446,0.5679334141414127,14,0.34124800622389717,1.2009022556390976,FAIL,,58.333333333333336,2008,2003-05-05 – 2026-08-27,23.315423226100844,567/300 PASS,,BASE FAIL,strategies/scripts/python/GOLD/ND_ALL_ZLEMA_CROSS_f21s55_GOLD_H1_SL0.025_TP2.0.py,NOT PRESENT
ND_MTF_WILLR_TREND_f13s34_GOLD_H1_SL0.025_TP2.0,H1,PENDING,BOTH,0.025,2.0,620,32.096774193548384,0.8600717946886212,-12536.000000000004,-20.219354838709684,1.81954887218045,133.8104502501372,-0.9368476061896481,11,-1.7973638050308893,0.9309319811155796,FAIL,,54.166666666666664,2008,2003-05-05 – 2026-08-27,23.315423226100844,620/300 PASS,,BASE FAIL,strategies/scripts/python/GOLD/ND_MTF_WILLR_TREND_f13s34_GOLD_H1_SL0.025_TP2.0.py,NOT PRESENT
ND_VM_DEMA_TEMA_f21s55_GOLD_H1_SL0.025_TP2.5,H1,PENDING,BOTH,0.025,2.5,465,30.107526881720432,0.9862348178137648,-952.0000000000032,-2.047311827956996,2.289473684210525,69.70869533474499,-0.13656832844574796,12,-0.137486382942114,1.2148227712137487,FAIL,,58.333333333333336,2017,2003-05-05 – 2026-08-27,23.315423226100844,465/300 PASS,,BASE FAIL,strategies/scripts/python/GOLD/ND_VM_DEMA_TEMA_f21s55_GOLD_H1_SL0.025_TP2.5.py,NOT PRESENT
ND_VM_ROC_ZERO_f13s34_GOLD_H1_SL0.025_TP2.0,H1,PENDING,BOTH,0.025,2.0,596,36.241610738255034,1.034269885239414,2771.199999999997,4.649664429530197,1.8195488721804507,60.449697319112325,0.45843074868860084,12,0.393569174567856,1.3170068027210882,FAIL,,58.333333333333336,2006,2003-05-05 – 2026-08-27,23.315423226100844,596/300 PASS,,BASE FAIL,strategies/scripts/python/GOLD/ND_VM_ROC_ZERO_f13s34_GOLD_H1_SL0.025_TP2.0.py,NOT PRESENT
ND_ALL_BB_SQZ_f13s34_GOLD_H1_SL0.012_TP3.0,H1,PENDING,BOTH,0.012,3.0,1474,27.40841248303935,0.9550302363936228,-10906.666666666646,-7.399366802351863,2.529411764705882,194.37799043062148,-0.5611060512820518,19,-0.7961010993625861,1.0410440703612631,FAIL,,37.5,2009,2003-05-05 – 2026-08-27,23.315423226100844,1474/300 PASS,,BASE FAIL,strategies/scripts/python/GOLD/ND_ALL_BB_SQZ_f13s34_GOLD_H1_SL0.012_TP3.0.py,NOT PRESENT
ND_ALL_BB_SQZ_f13s34_GOLD_H1_SL0.015_TP3.0,H1,PENDING,BOTH,0.015,3.0,994,27.867203219315897,1.0100485624506392,1594.6666666666465,1.6042924211938094,2.6144578313253004,72.34434831938725,0.22042726262824025,14,0.14101771040665148,1.013534313465315,FAIL,,54.166666666666664,2009,2003-05-05 – 2026-08-27,23.315423226100844,994/300 PASS,,BASE FAIL,strategies/scripts/python/GOLD/ND_ALL_BB_SQZ_f13s34_GOLD_H1_SL0.015_TP3.0.py,NOT PRESENT
ND_ALL_BB_SQZ_f21s55_GOLD_H1_SL0.02_TP2.0,H1,PENDING,BOTH,0.02,2.0,843,38.07829181494662,1.0932311621966795,10512.0,12.469750889679716,1.7777777777777777,26.91751085383502,3.9052645161290327,9,1.242682325418621,1.0326014637391883,FAIL,,62.5,2024,2003-05-05 – 2026-08-27,23.315423226100844,843/300 PASS,,BASE FAIL,strategies/scripts/python/GOLD/ND_ALL_BB_SQZ_f21s55_GOLD_H1_SL0.02_TP2.0.py,NOT PRESENT
ND_ALL_ENGULF_f5s13_GOLD_H1_SL0.03_TP2.0,H1,PENDING,BOTH,0.03,2.0,430,36.27906976744186,1.052203640395454,3013.333333333331,7.007751937984491,1.8481012658227844,40.08134590497316,0.7518044280442805,9,0.5037239178846468,1.1636193155180492,FAIL,,50.0,2012,2003-05-05 – 2026-08-27,23.315423226100844,430/300 PASS,,BASE FAIL,strategies/scripts/python/GOLD/ND_ALL_ENGULF_f5s13_GOLD_H1_SL0.03_TP2.0.py,NOT PRESENT
ND_ALL_INSIDE_BAR_f13s34_GOLD_H1_SL0.025_TP2.0,H1,PENDING,BOTH,0.025,2.0,583,37.22126929674099,1.0788035662927808,6137.599999999998,10.527615780445965,1.8195488721804507,41.8157894736844,1.467770925110125,10,0.8764178182678453,1.09172932330827,FAIL,,37.5,2007,2003-05-05 – 2026-08-27,23.315423226100844,583/300 PASS,,BASE FAIL,strategies/scripts/python/GOLD/ND_ALL_INSIDE_BAR_f13s34_GOLD_H1_SL0.025_TP2.0.py,NOT PRESENT
ND_ALL_RSI_MA_f21s55_GOLD_H1_SL0.025_TP2.0,H1,PENDING,BOTH,0.025,2.0,619,33.11793214862682,0.9009843449202712,-8723.200000000003,-14.0924071082391,1.8195488721804502,105.9060589216233,-0.8236733657000382,11,-1.2416317310574212,0.923770965876229,FAIL,,50.0,2013,2003-05-05 – 2026-08-27,23.315423226100844,619/300 PASS,,BASE FAIL,strategies/scripts/python/GOLD/ND_ALL_RSI_MA_f21s55_GOLD_H1_SL0.025_TP2.0.py,NOT PRESENT
ND_MTF_REGCH_BO_f8s21_GOLD_H1_SL0.03_TP2.0,H1,PENDING,BOTH,0.03,2.0,450,32.888888888888886,0.9056920110654705,-6000.000000000005,-13.333333333333343,1.8481012658227844,99.16916685898902,-0.6050267628578091,12,-1.0033949887707467,1.1293952180028122,FAIL,,37.5,2015,2003-05-05 – 2026-08-27,23.315423226100844,450/300 PASS,,BASE FAIL,strategies/scripts/python/GOLD/ND_MTF_REGCH_BO_f8s21_GOLD_H1_SL0.03_TP2.0.py,NOT PRESENT
ND_MTF_SUPERT_PROXY_f13s34_GOLD_H1_SL0.025_TP2.5,H1,PENDING,BOTH,0.025,2.5,450,32.44444444444444,1.0995498614958445,6440.000000000001,14.311111111111114,2.289473684210526,39.686146042481305,1.6227325256290748,12,0.9263622833583197,1.33108935128519,FAIL,,58.333333333333336,2017,2003-05-05 – 2026-08-27,23.315423226100844,450/300 PASS,,BASE FAIL,strategies/scripts/python/GOLD/ND_MTF_SUPERT_PROXY_f13s34_GOLD_H1_SL0.025_TP2.5.py,NOT PRESENT
ND_VM_ZSCORE_MR_f3s8_GOLD_H1_SL0.025_TP2.5,H1,PENDING,BOTH,0.025,2.5,512,27.34375,0.8616298811544987,-10953.600000000002,-21.393750000000004,2.289473684210525,109.11733210953058,-1.0038368596663378,13,-1.5515234006204393,0.7016129032258064,FAIL,,45.833333333333336,2008,2003-05-05 – 2026-08-27,23.315423226100844,512/300 PASS,,BASE FAIL,strategies/scripts/python/GOLD/ND_VM_ZSCORE_MR_f3s8_GOLD_H1_SL0.025_TP2.5.py,NOT PRESENT
ND_ALL_ATR_BO_f8s21_GOLD_H1_SL0.02_TP2.5,H1,PENDING,BOTH,0.02,2.5,740,31.08108108108108,1.0105301379811185,1160.0,1.5675675675675675,2.240740740740741,73.665757693806,0.15746800634584876,14,0.13162149005074747,1.1203703703703705,FAIL,,50.0,2006,2003-05-05 – 2026-08-27,23.315423226100844,740/300 PASS,,BASE FAIL,strategies/scripts/python/GOLD/ND_ALL_ATR_BO_f8s21_GOLD_H1_SL0.02_TP2.5.py,NOT PRESENT
ND_ALL_DONCH_BO_f21s55_GOLD_H1_SL0.025_TP2.0,H1,PENDING,BOTH,0.025,2.0,577,35.18197573656846,0.987616099071207,-985.6000000000031,-1.70814558058926,1.8195488721804502,56.2713719053483,-0.17515122994652402,11,-0.14320346649074245,1.128794207741576,FAIL,,45.833333333333336,2010,2003-05-05 – 2026-08-27,23.315423226100844,577/300 PASS,,BASE FAIL,strategies/scripts/python/GOLD/ND_ALL_DONCH_BO_f21s55_GOLD_H1_SL0.025_TP2.0.py,NOT PRESENT
ND_ALL_DONCH_BO_f8s21_GOLD_H1_SL0.025_TP2.5,H1,PENDING,BOTH,0.025,2.5,468,30.34188034188034,0.9972554084597994,-190.40000000000327,-0.40683760683761383,2.2894736842105257,73.85002669921468,-0.02578198120028953,13,-0.027348836717183085,1.3681001283697047,FAIL,,37.5,2007,2003-05-05 – 2026-08-27,23.315423226100844,468/300 PASS,,BASE FAIL,strategies/scripts/python/GOLD/ND_ALL_DONCH_BO_f8s21_GOLD_H1_SL0.025_TP2.5.py,NOT PRESENT
ND_ALL_HARAMI_f21s55_GOLD_H1_SL0.025_TP2.0,H1,PENDING,BOTH,0.025,2.0,589,35.99320882852292,1.023194591252667,1860.7999999999956,3.159252971137514,1.8195488721804502,45.797720797720864,0.4063084292379456,11,0.266236434714396,1.0141747812153332,FAIL,,37.5,2021,2003-05-05 – 2026-08-27,23.315423226100844,589/300 PASS,,BASE FAIL,strategies/scripts/python/GOLD/ND_ALL_HARAMI_f21s55_GOLD_H1_SL0.025_TP2.0.py,NOT PRESENT
ND_ALL_HARAMI_f3s8_GOLD_H1_SL0.02_TP2.5,H1,PENDING,BOTH,0.02,2.5,691,32.41678726483357,1.0747878499484496,7544.0,10.917510853835022,2.240740740740741,37.41582491582491,2.0162591676040496,13,0.8759114710409407,1.0398208666182522,FAIL,,45.833333333333336,2024,2003-05-05 – 2026-08-27,23.315423226100844,691/300 PASS,,BASE FAIL,strategies/scripts/python/GOLD/ND_ALL_HARAMI_f3s8_GOLD_H1_SL0.02_TP2.5.py,NOT PRESENT
ND_ALL_MOMENTUM_XO_f21s55_GOLD_H1_SL0.025_TP2.0,H1,PENDING,BOTH,0.025,2.0,573,37.521815008726,1.0927458310580918,7065.599999999998,12.330890052356017,1.8195488721804505,35.25356967011323,2.0042225698324025,12,1.0160483260954731,1.3796579360489134,FAIL,,50.0,2012,2003-05-05 – 2026-08-27,23.315423226100844,573/300 PASS,,BASE FAIL,strategies/scripts/python/GOLD/ND_ALL_MOMENTUM_XO_f21s55_GOLD_H1_SL0.025_TP2.0.py,NOT PRESENT
ND_ALL_REGCH_BO_f8s21_GOLD_H1_SL0.025_TP2.0,H1,PENDING,BOTH,0.025,2.0,564,37.5886524822695,1.0958646616541348,7180.799999999998,12.731914893617018,1.8195488721804502,30.80847288455149,2.330787386609064,14,1.0404515710488946,1.288847117794486,FAIL,,58.333333333333336,2010,2003-05-05 – 2026-08-27,23.315423226100844,564/300 PASS,,BASE FAIL,strategies/scripts/python/GOLD/ND_ALL_REGCH_BO_f8s21_GOLD_H1_SL0.025_TP2.0.py,NOT PRESENT
ND_ALL_T3_TREND_f5s13_GOLD_H1_SL0.025_TP2.5,H1,PENDING,BOTH,0.025,2.5,460,31.304347826086957,1.0433044636908728,2911.9999999999955,6.330434782608686,2.2894736842105265,68.7812059915505,0.4233714657980442,17,0.4182610844195316,1.4676113360323892,FAIL,,50.0,2017,2003-05-05 – 2026-08-27,23.315423226100844,460/300 PASS,,BASE FAIL,strategies/scripts/python/GOLD/ND_ALL_T3_TREND_f5s13_GOLD_H1_SL0.025_TP2.5.py,NOT PRESENT
ND_ALL_TRIX_ZERO_f3s8_GOLD_H1_SL0.025_TP2.0,H1,PENDING,BOTH,0.025,2.0,572,36.36363636363637,1.039742212674543,3078.3999999999996,5.381818181818181,1.8195488721804502,42.52937884723008,0.7238290526315775,11,0.445953375027494,0.9545174411438428,FAIL,,62.5,2020,2003-05-05 – 2026-08-27,23.315423226100844,572/300 PASS,,BASE FAIL,strategies/scripts/python/GOLD/ND_ALL_TRIX_ZERO_f3s8_GOLD_H1_SL0.025_TP2.0.py,NOT PRESENT
ND_MTF_PIVOT_BO_f21s55_GOLD_H1_SL0.025_TP2.0,H1,PENDING,BOTH,0.025,2.0,587,35.604770017035776,1.00604686318972,486.3999999999978,0.8286201022146471,1.8195488721804505,62.81442146450548,0.07743444716351447,11,0.06987829881125025,1.230361618331543,FAIL,,37.5,2014,2003-05-05 – 2026-08-27,23.315423226100844,587/300 PASS,,BASE FAIL,strategies/scripts/python/GOLD/ND_MTF_PIVOT_BO_f21s55_GOLD_H1_SL0.025_TP2.0.py,NOT PRESENT
ND_VM_MACD_HIST_f21s55_GOLD_H1_SL0.025_TP2.0,H1,PENDING,BOTH,0.025,2.0,576,34.895833333333336,0.9752781954887216,-1972.800000000003,-3.425000000000005,1.8195488721804507,76.12800000000081,-0.25914249684741253,12,-0.2874282085056656,1.1951938670204925,FAIL,,41.666666666666664,2006,2003-05-05 – 2026-08-27,23.315423226100844,576/300 PASS,,BASE FAIL,strategies/scripts/python/GOLD/ND_VM_MACD_HIST_f21s55_GOLD_H1_SL0.025_TP2.0.py,NOT PRESENT
ND_ALL_CORREL_REV_f3s8_GOLD_H1_SL0.03_TP2.0,H1,PENDING,BOTH,0.03,2.0,433,30.484988452655887,0.8104630135834137,-12018.666666666672,-27.756735950731343,1.848101265822784,123.16807738815005,-0.9757939655736627,10,-2.0911191284440465,0.7022784810126581,FAIL,,37.5,2026,2003-05-05 – 2026-08-27,23.315423226100844,433/300 PASS,,BASE FAIL,strategies/scripts/python/GOLD/ND_ALL_CORREL_REV_f3s8_GOLD_H1_SL0.03_TP2.0.py,NOT PRESENT
ND_ALL_EMA_RIBBON_f8s21_GOLD_H1_SL0.025_TP2.0,H1,PENDING,BOTH,0.025,2.0,582,35.738831615120276,1.011941618752764,950.3999999999969,1.6329896907216441,1.8195488721804502,84.53329538986948,0.11242907254670845,12,0.13700903296177974,1.4042170644001308,FAIL,,50.0,2006,2003-05-05 – 2026-08-27,23.315423226100844,582/300 PASS,,BASE FAIL,strategies/scripts/python/GOLD/ND_ALL_EMA_RIBBON_f8s21_GOLD_H1_SL0.025_TP2.0.py,NOT PRESENT
ND_ALL_ENGULF_f21s55_GOLD_H1_SL0.025_TP2.5,H1,PENDING,BOTH,0.025,2.5,456,33.771929824561404,1.1674799581735795,10763.200000000003,23.60350877192983,2.289473684210526,32.7589413004401,3.2855762649006626,11,1.5225163311670376,1.3482456140350878,FAIL,,62.5,2015,2003-05-05 – 2026-08-27,23.315423226100844,456/300 PASS,,BASE FAIL,strategies/scripts/python/GOLD/ND_ALL_ENGULF_f21s55_GOLD_H1_SL0.025_TP2.5.py,NOT PRESENT
ND_ALL_ENGULF_f3s8_GOLD_H1_SL0.03_TP2.0,H1,PENDING,BOTH,0.03,2.0,416,37.01923076923077,1.0862885302927823,4762.666666666663,11.44871794871794,1.8481012658227853,39.78268489309495,1.1971707488986785,10,0.8059991720375708,1.2705696202531638,FAIL,,41.666666666666664,2012,2003-05-05 – 2026-08-27,23.315423226100844,416/300 PASS,,BASE FAIL,strategies/scripts/python/GOLD/ND_ALL_ENGULF_f3s8_GOLD_H1_SL0.03_TP2.0.py,NOT PRESENT
ND_ALL_ICHI_TK_f3s8_GOLD_H1_SL0.025_TP2.5,H1,PENDING,BOTH,0.025,2.5,464,30.81896551724138,1.0199212985735362,1360.7999999999993,2.9327586206896537,2.289473684210525,74.95414584782765,0.18155099822799708,18,0.19544956848588546,1.4490339773484349,FAIL,,41.666666666666664,2011,2003-05-05 – 2026-08-27,23.315423226100844,464/300 PASS,,BASE FAIL,strategies/scripts/python/GOLD/ND_ALL_ICHI_TK_f3s8_GOLD_H1_SL0.025_TP2.5.py,NOT PRESENT
ND_MTF_EMA_RIBBON_f8s21_GOLD_H1_SL0.03_TP2.0,H1,PENDING,BOTH,0.03,2.0,446,34.52914798206278,0.9746835443037976,-1557.333333333336,-3.491778774289991,1.848101265822785,68.12865497076027,-0.22858712446351961,12,-0.2584913247114853,1.15506329113924,FAIL,,41.666666666666664,2015,2003-05-05 – 2026-08-27,23.315423226100844,446/300 PASS,,BASE FAIL,strategies/scripts/python/GOLD/ND_MTF_EMA_RIBBON_f8s21_GOLD_H1_SL0.03_TP2.0.py,NOT PRESENT
ND_MTF_HURST_CH_f13s34_GOLD_H1_SL0.025_TP2.5,H1,PENDING,BOTH,0.025,2.5,450,32.44444444444444,1.0995498614958445,6440.000000000001,14.311111111111114,2.289473684210526,39.686146042481305,1.6227325256290748,12,0.9263622833583197,1.33108935128519,FAIL,,58.333333333333336,2017,2003-05-05 – 2026-08-27,23.315423226100844,450/300 PASS,,BASE FAIL,strategies/scripts/python/GOLD/ND_MTF_HURST_CH_f13s34_GOLD_H1_SL0.025_TP2.5.py,NOT PRESENT
ND_MTF_KELTNER_BO_f5s13_GOLD_H1_SL0.02_TP2.5,H1,PENDING,BOTH,0.02,2.5,694,32.13256484149856,1.0609027286309665,6196.0,8.927953890489913,2.240740740740741,50.133067198935464,1.235910816191108,14,0.7194990406648143,1.1438746438746439,FAIL,,45.833333333333336,2010,2003-05-05 – 2026-08-27,23.315423226100844,694/300 PASS,,BASE FAIL,strategies/scripts/python/GOLD/ND_MTF_KELTNER_BO_f5s13_GOLD_H1_SL0.02_TP2.5.py,NOT PRESENT
ND_MTF_MACD_HIST_f13s34_GOLD_H1_SL0.025_TP2.5,H1,PENDING,BOTH,0.025,2.5,469,32.19616204690831,1.0871400198609729,5896.799999999999,12.573134328358208,2.289473684210525,49.43757345122838,1.1927769889064976,18,0.8325354705709783,1.4275541795665638,FAIL,,37.5,2016,2003-05-05 – 2026-08-27,23.315423226100844,469/300 PASS,,BASE FAIL,strategies/scripts/python/GOLD/ND_MTF_MACD_HIST_f13s34_GOLD_H1_SL0.025_TP2.5.py,NOT PRESENT
ND_MTF_MACD_ZERO_f13s34_GOLD_H1_SL0.025_TP2.5,H1,PENDING,BOTH,0.025,2.5,469,32.19616204690831,1.0871400198609729,5896.799999999999,12.573134328358208,2.289473684210525,49.43757345122838,1.1927769889064976,18,0.8325354705709783,1.4275541795665638,FAIL,,37.5,2016,2003-05-05 – 2026-08-27,23.315423226100844,469/300 PASS,,BASE FAIL,strategies/scripts/python/GOLD/ND_MTF_MACD_ZERO_f13s34_GOLD_H1_SL0.025_TP2.5.py,NOT PRESENT
ND_MTF_ROC_ZERO_f5s13_GOLD_H1_SL0.03_TP2.5,H1,PENDING,BOTH,0.03,2.5,351,30.76923076923077,1.0323488045007034,1656.0000000000014,4.717948717948722,2.3227848101265827,53.42440465202137,0.30997069799585397,12,0.27359038850126344,1.1919553630912723,FAIL,,50.0,2015,2003-05-05 – 2026-08-27,23.315423226100844,351/300 PASS,,BASE FAIL,strategies/scripts/python/GOLD/ND_MTF_ROC_ZERO_f5s13_GOLD_H1_SL0.03_TP2.5.py,NOT PRESENT
ND_MTF_SUPERT_PROXY_f21s55_GOLD_H1_SL0.025_TP2.5,H1,PENDING,BOTH,0.025,2.5,465,30.107526881720432,0.9862348178137648,-952.0000000000032,-2.047311827956996,2.289473684210525,69.70869533474499,-0.13656832844574796,12,-0.137486382942114,1.2148227712137487,FAIL,,58.333333333333336,2017,2003-05-05 – 2026-08-27,23.315423226100844,465/300 PASS,,BASE FAIL,strategies/scripts/python/GOLD/ND_MTF_SUPERT_PROXY_f21s55_GOLD_H1_SL0.025_TP2.5.py,NOT PRESENT
ND_MTF_SUPERT_PROXY_f5s13_GOLD_H1_SL0.02_TP2.5,H1,PENDING,BOTH,0.02,2.5,732,32.10382513661202,1.059505179223489,6388.0,8.726775956284152,2.240740740740741,53.68180083937428,1.1899749822316987,14,0.7224541372621268,1.1506506506506506,FAIL,,50.0,2010,2003-05-05 – 2026-08-27,23.315423226100844,732/300 PASS,,BASE FAIL,strategies/scripts/python/GOLD/ND_MTF_SUPERT_PROXY_f5s13_GOLD_H1_SL0.02_TP2.5.py,NOT PRESENT
ND_MTF_TRIX_ZERO_f5s13_GOLD_H1_SL0.025_TP2.5,H1,PENDING,BOTH,0.025,2.5,453,33.333333333333336,1.1447368421052628,9301.599999999997,20.533333333333324,2.289473684210525,44.84597866474891,2.074121309635171,18,1.3243926910097317,1.4415204678362574,FAIL,,58.333333333333336,2023,2003-05-05 – 2026-08-27,23.315423226100844,453/300 PASS,,BASE FAIL,strategies/scripts/python/GOLD/ND_MTF_TRIX_ZERO_f5s13_GOLD_H1_SL0.025_TP2.5.py,NOT PRESENT
ND_MTF_TSI_CROSS_f13s34_GOLD_H1_SL0.025_TP2.5,H1,PENDING,BOTH,0.025,2.5,469,32.19616204690831,1.0871400198609729,5896.799999999999,12.573134328358208,2.289473684210525,49.43757345122838,1.1927769889064976,18,0.8325354705709783,1.4275541795665638,FAIL,,37.5,2016,2003-05-05 – 2026-08-27,23.315423226100844,469/300 PASS,,BASE FAIL,strategies/scripts/python/GOLD/ND_MTF_TSI_CROSS_f13s34_GOLD_H1_SL0.025_TP2.5.py,NOT PRESENT
ND_VM_KELTNER_BO_f21s55_GOLD_H1_SL0.025_TP2.0,H1,PENDING,BOTH,0.025,2.0,571,36.60245183887916,1.0505130228887132,3891.1999999999975,6.814711033274952,1.8195488721804505,45.73329853862213,0.8508461283880165,12,0.5634078953109266,1.29691249400096,FAIL,,58.333333333333336,2010,2003-05-05 – 2026-08-27,23.315423226100844,571/300 PASS,,BASE FAIL,strategies/scripts/python/GOLD/ND_VM_KELTNER_BO_f21s55_GOLD_H1_SL0.025_TP2.0.py,NOT PRESENT
ND_VM_RSI_MA_f21s55_GOLD_H1_SL0.025_TP2.0,H1,PENDING,BOTH,0.025,2.0,619,33.11793214862682,0.9009843449202712,-8723.200000000003,-14.0924071082391,1.8195488721804502,105.9060589216233,-0.8236733657000382,11,-1.2416317310574212,0.923770965876229,FAIL,,50.0,2013,2003-05-05 – 2026-08-27,23.315423226100844,619/300 PASS,,BASE FAIL,strategies/scripts/python/GOLD/ND_VM_RSI_MA_f21s55_GOLD_H1_SL0.025_TP2.0.py,NOT PRESENT
ND_VM_SUPERT_PROXY_f21s55_GOLD_H1_SL0.025_TP2.0,H1,PENDING,BOTH,0.025,2.0,567,36.15520282186949,1.030407510488929,2342.399999999995,4.1312169312169225,1.8195488721804505,41.244271628940446,0.5679334141414127,14,0.34124800622389717,1.2009022556390976,FAIL,,58.333333333333336,2008,2003-05-05 – 2026-08-27,23.315423226100844,567/300 PASS,,BASE FAIL,strategies/scripts/python/GOLD/ND_VM_SUPERT_PROXY_f21s55_GOLD_H1_SL0.025_TP2.0.py,NOT PRESENT
ND_ALL_ATR_BO_f8s21_GOLD_H1_SL0.025_TP2.0,H1,PENDING,BOTH,0.025,2.0,579,35.924006908462864,1.02012443507691,1588.7999999999984,2.7440414507771993,1.8195488721804502,67.15272448196498,0.2365950171428559,11,0.22937106989493683,1.3170068027210882,FAIL,,37.5,2006,2003-05-05 – 2026-08-27,23.315423226100844,579/300 PASS,,BASE FAIL,strategies/scripts/python/GOLD/ND_ALL_ATR_BO_f8s21_GOLD_H1_SL0.025_TP2.0.py,NOT PRESENT
ND_ALL_BB_SQZ_f13s34_GOLD_H1_SL0.02_TP2.0,H1,PENDING,BOTH,0.02,2.0,841,37.45541022592152,1.064638783269962,7344.0,8.732461355529132,1.7777777777777777,33.56756756756757,2.1878260869565214,10,0.8720296802128866,1.1544011544011543,FAIL,,62.5,2024,2003-05-05 – 2026-08-27,23.315423226100844,841/300 PASS,,BASE FAIL,strategies/scripts/python/GOLD/ND_ALL_BB_SQZ_f13s34_GOLD_H1_SL0.02_TP2.0.py,NOT PRESENT
ND_ALL_HMA_CROSS_f8s21_GOLD_H1_SL0.025_TP2.5,H1,PENDING,BOTH,0.025,2.5,468,29.700854700854702,0.9672852343625019,-2290.4000000000015,-4.894017094017097,2.289473684210526,117.63673811884973,-0.1947010803449841,13,-0.33100219399322883,1.4881578947368421,FAIL,,41.666666666666664,2017,2003-05-05 – 2026-08-27,23.315423226100844,468/300 PASS,,BASE FAIL,strategies/scripts/python/GOLD/ND_ALL_HMA_CROSS_f8s21_GOLD_H1_SL0.025_TP2.5.py,NOT PRESENT
ND_ALL_KAMA_TREND_f5s13_GOLD_H1_SL0.02_TP2.5,H1,PENDING,BOTH,0.02,2.5,732,32.10382513661202,1.059505179223489,6388.0,8.726775956284152,2.240740740740741,53.68180083937428,1.1899749822316987,14,0.7224541372621268,1.1506506506506506,FAIL,,50.0,2010,2003-05-05 – 2026-08-27,23.315423226100844,732/300 PASS,,BASE FAIL,strategies/scripts/python/GOLD/ND_ALL_KAMA_TREND_f5s13_GOLD_H1_SL0.02_TP2.5.py,NOT PRESENT
ND_ALL_MACD_HIST_f8s21_GOLD_H1_SL0.025_TP2.0,H1,PENDING,BOTH,0.025,2.0,597,36.01340033500838,1.0240916427193631,1958.399999999997,3.280402010050246,1.8195488721804502,51.29184166984862,0.3818151066997506,15,0.27828282549073524,1.0442628309905195,FAIL,,58.333333333333336,2020,2003-05-05 – 2026-08-27,23.315423226100844,597/300 PASS,,BASE FAIL,strategies/scripts/python/GOLD/ND_ALL_MACD_HIST_f8s21_GOLD_H1_SL0.025_TP2.0.py,NOT PRESENT
ND_ALL_OBV_CROSS_f13s34_GOLD_H1_SL0.02_TP2.0,H1,PENDING,BOTH,0.02,2.0,836,38.75598086124402,1.125,13824.0,16.535885167464116,1.7777777777777777,24.7791519434629,5.578883422459893,9,1.63560386402087,1.2002830856334041,FAIL,,75.0,2009,2003-05-05 – 2026-08-27,23.315423226100844,836/300 PASS,,BASE FAIL,strategies/scripts/python/GOLD/ND_ALL_OBV_CROSS_f13s34_GOLD_H1_SL0.02_TP2.0.py,NOT PRESENT
ND_ALL_ROC_ZERO_f5s13_GOLD_H1_SL0.03_TP2.0,H1,PENDING,BOTH,0.03,2.0,450,34.44444444444444,0.9710362583136666,-1800.0000000000023,-4.000000000000005,1.8481012658227849,57.92048929663608,-0.31077085533262977,9,-0.29761214811446074,1.1258547941219255,FAIL,,33.333333333333336,2015,2003-05-05 – 2026-08-27,23.315423226100844,450/300 PASS,,BASE FAIL,strategies/scripts/python/GOLD/ND_ALL_ROC_ZERO_f5s13_GOLD_H1_SL0.03_TP2.0.py,NOT PRESENT
